weight,source,target
1,2910,340
1,2720,2200
3,2720,430
1,2630,4900
1,2760,6100
1,6000,1610
1,2630,1110
2,2720,2310
5,2720,3950
8,3950,2720
2,3950,2310
1,2920,2900
1,2800,20
1,2720,4320
1,2900,4710
8,2720,4620
1,2750,2050
1,2600,1000
1,1000,2900
1,2900,6940
1,6940,2900
1,2600,430
1,430,2630
4,2630,2600
1,200,4950
1,6120,4250
1,2900,2020
1,2020,2010
1,2920,2320
2,2630,50
1,2600,2920
2,210,200
2,210,6050
1,2910,10
1,2700,2740
1,2740,2700
1,2700,4900
1,4900,2740
1,2900,7420
1,200,210
1,2600,2630
1,2720,4240
1,4240,2720
1,2630,5700
2,5700,6320
1,2750,60
1,2630,40
1,2910,5300
1,2630,4430
1,4430,3400
1,2910,20
1,2750,5240
5,6260,220
2,6230,210
1,6350,9810
1,9810,6350
6,6260,6320
2,6260,9990
1,9990,6260
2,6230,4060
1,6230,9810
2,9810,6230
1,6260,1320
1,6260,600
1,6200,1740
2,6420,2000
1,6200,6600
1,6320,6200
1,6350,6050
1,6050,6350
6,6260,4220
1,6230,8220
2,6420,7620
1,7620,3410
3,6230,220
1,6220,8200
4,6230,6250
5,6250,6260
19,6260,4250
1,6260,4850
1,4850,1040
1,6660,1100
3,6230,4030
1,6240,1320
1,1320,1410
1,1410,1320
1,6200,9810
2,6350,6600
1,6520,6200
8,6230,6200
14,6200,6230
3,6260,4050
3,6200,9130
1,6320,6260
1,6500,6350
4,6260,6200
1,6420,7510
1,6200,6220
8,6260,4720
15,4720,6260
2,6320,220
1,220,6320
1,6440,6130
19,6260,6230
1,6200,9000
2,6350,7750
1,6760,4700
2,6230,6420
1,6350,6200
2,6240,4720
1,6230,9500
5,6260,6250
1,6230,2550
2,6440,4720
2,6420,8650
1,8650,8810
1,6200,1100
6,6420,4250
1,6350,3730
3,6200,220
2,4250,6510
1,6440,4050
4,6200,6260
2,6440,6230
5,6230,6440
1,6200,6350
1,6510,9630
1,9630,3650
1,3650,4110
1,6420,2750
1,6240,2040
1,6420,8810
1,6330,6200
2,220,6200
2,6260,6520
1,6520,6260
3,4250,6420
3,6420,9620
1,6230,1360
1,1360,6230
3,6330,6230
1,6200,6440
3,6510,6260
1,6330,8740
1,8740,6260
3,6260,4110
2,6260,6220
2,6220,6260
1,6350,1550
1,6210,6600
4,6600,6440
1,6240,6350
2,6230,6130
1,6530,6600
4,4250,4220
1,4220,6320
1,6510,2830
1,2830,6510
1,6320,7550
2,6440,4250
1,6520,6230
1,6200,6320
1,6260,9000
7,6230,6260
2,6220,9130
1,6200,20
3,4250,4430
1,6510,6200
1,6200,6400
2,6220,9620
5,6230,6330
3,6330,6260
2,6260,6240
1,6240,6230
1,6350,2900
1,2900,510
1,6260,8610
1,6200,4220
4,6260,9130
1,6200,6460
1,6220,6200
10,6260,4020
1,6260,1310
5,6420,6230
1,6230,6220
1,6660,4030
2,4030,6260
4,6230,6050
2,6050,6230
1,6510,6230
14,4250,6260
5,6260,6420
4,6420,6260
2,6440,6260
1,6710,9130
1,6440,4020
1,6660,600
1,6510,9600
1,6420,4050
1,6320,9130
1,6420,6200
1,6260,4060
2,4060,4220
2,4220,2000
2,2000,1020
1,6230,430
1,6520,4810
2,4030,6200
2,6200,4030
1,6240,6700
2,4220,8300
1,6260,6660
1,6230,7700
3,6260,6350
1,6710,7620
1,6200,2020
1,2020,1810
4,6260,4140
3,4140,9620
1,6510,6420
4,6420,4020
3,6760,6260
3,6220,6250
2,6250,6220
1,6230,6350
1,6350,6800
2,6260,4030
1,6510,4410
2,6260,2630
2,6220,6230
1,6260,6120
1,6230,2040
1,2540,4130
1,2340,8740
4,2540,2330
13,2300,2310
2,2340,2010
2,2540,2010
1,2150,710
1,710,1810
3,2540,430
2,2140,2100
5,2150,2100
14,2540,4600
9,2540,2310
4,2310,2320
4,2340,2720
7,2300,4600
1,2150,430
1,2140,430
1,430,2100
26,4600,2540
7,2340,2310
2,2340,2320
1,2150,6050
1,2440,4130
3,2340,4430
2,2540,1010
1,1010,2540
6,2540,2200
3,2340,2540
1,2440,4110
19,4110,4600
31,4600,4720
2,4720,3240
4,2340,2750
1,2150,4960
1,2150,4700
1,2140,420
4,2340,2200
2,2540,710
1,2440,8960
2,2340,5600
2,2540,2340
1,2300,2320
4,2300,2340
1,2100,2150
1,2340,230
1,2300,3030
1,2340,5000
2,2540,230
1,2340,4030
18,4030,4720
1,2340,2300
8,2540,2300
1,2540,3150
1,2150,120
20,4600,2300
1,2340,2330
2,2540,3240
1,2340,4130
1,4130,2000
1,2000,4130
2,2340,2000
6,4600,2310
1,2340,850
1,850,4720
1,4720,150
2,2540,2320
2,2300,2330
1,2150,1740
1,1560,1360
1,1540,1460
1,1920,1610
1,1900,1600
1,1560,4430
1,4430,1560
1,1560,4250
1,1540,1560
1,1540,5930
2,1540,220
1,1550,1000
1,1550,1960
1,1550,1460
1,1540,2340
2,2340,1540
1,1550,6440
1,1550,7020
1,1560,4030
1,4030,4230
1,1540,6440
1,1550,3130
1,1920,1650
1,1650,1760
1,1900,6240
1,3650,430
4,3600,6050
1,6050,210
1,3410,4220
1,3320,3650
2,3320,2200
1,3610,2000
1,3410,1610
3,3600,3410
1,3130,5620
2,5620,2320
1,2320,4250
1,4250,2320
3,3600,4230
5,4230,3600
1,3410,5810
1,5810,5300
1,3300,2540
15,3600,3130
7,3650,3410
1,3130,2200
1,2200,3130
1,3600,5600
1,3600,2900
9,3500,3130
9,3650,3600
1,3310,6520
1,3400,3410
9,3600,3650
3,3130,3600
2,3600,4600
1,4600,2330
9,3600,3500
1,3650,2540
5,3130,3500
1,3130,4600
1,3650,2200
1,2200,1960
1,3410,210
3,3650,3110
1,3650,4640
5,3650,4760
2,3530,3600
1,3300,230
1,3410,2200
1,3650,4250
1,3320,3600
2,3650,3050
4,3600,4510
2,3510,5930
1,3410,3600
1,3530,3500
1,3650,5320
1,3650,2600
1,2600,4720
2,3600,3530
1,3510,3030
2,3310,3640
1,3640,3310
1,3410,6200
2,3650,3300
1,3410,3110
1,3110,3410
2,3130,350
2,3650,4720
1,3650,5600
1,3600,2340
1,3300,1760
1,1760,3300
2,3400,3650
1,3600,3540
1,3540,3600
2,3600,2200
2,2200,3600
1,2200,1720
1,3640,3010
2,3130,3260
1,3600,9830
2,3600,5860
2,3650,5620
5,3500,3600
1,3410,2020
1,3630,6260
1,3600,4320
1,3610,3150
1,3410,3530
1,3320,350
1,3650,3620
1,3530,3240
1,3650,1650
1,3650,3520
1,3640,4110
1,4110,3640
1,3650,1760
1,3410,3050
1,3300,4700
1,4700,3530
1,3600,3620
1,3640,5000
1,3500,3410
2,3600,2540
15,3600,4610
1,3510,3500
1,3300,3650
1,3600,2630
1,3600,4050
1,3320,3530
1,3530,3300
1,3300,3320
1,3500,350
1,3650,3130
1,3320,3220
2,3130,3650
1,3650,3500
1,3650,9830
2,3650,5000
1,3300,5910
1,3650,3400
14,3600,4720
50,4720,3600
1,3300,9810
1,3600,9140
1,3600,5010
2,5010,2540
4,1110,1020
1,1020,710
2,1040,1530
1,1040,160
1,1040,5000
1,5000,1040
9,1040,1020
3,1040,1000
3,1040,110
1,110,1040
1,1110,2200
2,2200,1110
3,1110,1000
1,1000,10
6,1110,1100
1,1040,2200
1,2200,710
2,1110,2630
2,1110,110
3,1110,4020
2,1110,2820
1,1040,9820
1,1110,1810
1,1110,1530
1,1040,1550
1,1110,840
1,1110,800
2,1040,4850
4,1040,7010
1,1110,2040
1,1110,620
1,1110,2340
1,2340,1110
1,1110,710
1,1110,4760
3,4760,1110
2,1000,1020
1,1020,1000
1,7200,6750
1,6750,8100
2,7200,4250
5,4250,6230
2,6230,4250
1,7340,1740
1,7000,6700
1,7010,2060
2,2060,2540
1,7000,1920
1,7350,2320
1,7000,4710
1,7140,7000
1,7420,2900
1,7140,9820
3,7000,6200
2,7210,6050
1,6050,7310
1,7560,6330
1,7420,1040
1,7420,1550
1,7000,3730
2,7210,7200
2,7140,9810
1,7330,6920
1,7220,7210
1,7260,6260
3,7340,7330
1,7000,7330
2,7000,430
1,7330,7360
1,7330,1760
1,1760,1460
1,7000,410
1,410,4210
2,7340,4250
6,7340,4220
1,7560,6320
2,7200,6330
1,7310,210
1,7200,4700
1,7330,7340
3,7200,7210
1,7020,430
4,7200,6260
1,7260,9830
1,7220,6230
1,7200,6730
1,7220,7310
1,7000,7220
1,7610,6520
1,7000,2140
1,2140,7000
1,7410,7310
2,7310,4250
1,7010,110
1,7130,6200
2,7020,2720
2,2720,7020
2,7020,6420
2,6420,2720
1,2720,6260
1,7560,9130
1,7000,7210
1,7130,4220
3,4220,7340
1,7320,6200
1,7310,1010
1,7510,7220
1,7140,6260
1,7040,4250
1,7560,6800
1,7150,6940
1,6940,6840
1,7220,6530
1,7220,6350
1,6350,7130
1,7330,7000
5,7010,1040
1,7310,6200
1,7150,7000
1,7420,7020
1,7000,7150
1,7420,6330
1,7150,4250
1,7610,7700
1,7020,1540
2,6200,7000
2,7330,7350
3,7150,8810
3,7010,1000
1,7200,7000
1,4220,2040
1,7200,1550
1,1550,2200
1,2200,1550
1,7140,2720
1,7040,6350
1,7200,8800
1,1040,1810
1,7420,7410
1,7200,220
1,7000,5140
1,7140,1550
1,1550,7140
2,7000,110
1,7140,6520
1,7200,4840
1,7210,9830
2,7220,4250
1,4250,1410
1,7000,50
1,50,7150
1,6260,7150
1,7000,5520
1,7220,7360
1,7310,1360
1,1360,6660
1,7200,6440
1,7120,7000
1,4250,6250
2,1000,2630
1,7020,9820
1,7330,7700
1,7610,7200
1,7200,7310
1,7330,4220
1,7310,6440
1,7000,8140
2,8140,7000
1,7260,7200
1,1040,1410
1,7330,7100
1,7220,6420
1,6420,7240
1,7020,7420
1,7160,8650
2,7200,4220
1,7260,9130
1,7010,1010
1,7020,4760
2,7010,1110
1,620,50
1,620,5350
1,560,430
1,540,7700
3,620,20
1,620,150
1,730,430
1,620,1810
1,520,530
1,540,800
2,620,850
1,730,1810
1,620,1040
1,620,2750
1,620,2700
1,560,110
1,540,7010
4,620,130
1,620,5920
1,620,230
1,230,700
1,560,4850
1,620,4840
1,560,2000
1,2000,5000
1,620,3240
1,810,50
2,620,710
2,710,620
1,940,800
1,520,5620
2,5620,5600
1,730,5110
1,540,50
1,50,800
1,620,2010
2,620,3130
1,620,110
1,620,2850
1,620,910
1,930,9820
2,620,2710
1,620,4420
1,620,2200
1,930,800
1,730,2860
1,730,1060
1,940,3510
1,730,2540
1,2540,1020
1,520,4840
2,4840,5350
1,930,940
1,620,430
1,520,1100
2,1100,1110
1,620,9800
1,620,2550
1,730,7700
1,730,5620
1,620,4820
1,620,800
1,940,120
4,5620,4600
1,4600,340
1,340,5620
4,5860,5620
8,5620,4110
18,4110,5700
2,5700,5360
2,5000,10
3,5240,620
3,5000,800
3,800,5120
6,5360,620
3,5000,350
2,5000,1100
2,5000,130
1,5620,130
1,5810,7010
3,5000,20
1,5240,8710
3,5000,4700
23,5620,4760
67,4760,4700
3,4700,4320
1,5350,110
1,5240,730
2,5520,220
1,100,4960
1,4960,100
5,5610,5620
2,5240,1810
1,1810,50
2,5860,2540
1,5140,3240
1,5360,430
4,5700,2200
3,2200,5700
2,5120,430
1,5600,700
6,5620,9600
1,5860,620
1,5110,5200
4,5860,800
1,800,120
12,5240,4760
7,5700,2140
4,5240,5810
2,5810,3650
1,5150,2550
2,5320,4250
1,4250,1100
1,1100,1000
1,5310,2140
1,2140,9830
1,9830,2140
6,5240,1040
1,1040,9990
1,5000,7310
2,5110,1000
2,5000,110
3,5240,540
1,5840,2820
4,5700,620
1,5330,950
1,5260,7620
1,5620,4140
1,5620,430
1,5330,4810
1,5700,850
5,5700,2340
1,2340,1650
1,1650,2200
1,2200,1650
2,5120,930
1,930,5840
1,5820,910
1,910,800
3,5240,800
1,5240,7010
2,5810,1040
4,5240,4220
2,4220,5240
1,5000,1710
1,1710,1220
1,5220,2100
1,5260,2310
1,5160,2040
1,5000,2020
1,5260,2020
1,5000,2040
1,5110,950
1,5240,940
1,940,4710
1,5320,2200
2,3600,2010
10,5240,5700
1,5120,7750
2,7750,5120
3,5400,2340
2,2340,5700
2,5620,7420
1,5260,1930
1,5100,6230
2,5700,3600
1,5620,7220
2,5240,5930
1,5320,1550
1,5620,2740
4,5700,3650
3,5240,4840
1,4840,2630
1,2630,1540
1,5620,9810
2,5400,2010
1,5520,1610
1,1610,5520
1,5520,2200
3,5860,6260
4,5400,6260
1,6260,430
1,430,5400
1,5160,2540
1,5840,4030
2,5810,2010
1,2010,2340
2,2010,2540
1,100,230
4,5400,1000
1,1000,800
1,800,840
2,5400,4250
3,4250,5400
1,5610,2310
1,5100,540
3,5840,540
1,5200,9990
1,9990,840
1,840,940
11,5120,800
2,5240,20
1,5860,3300
1,4840,9610
3,9610,3650
1,5510,2630
2,5700,2630
1,5520,1020
2,5700,2850
3,5400,3130
1,5860,2550
1,2550,5860
1,5260,1650
4,5700,3130
3,5400,3640
2,5700,4230
3,4230,5700
5,5260,2340
1,5620,3130
12,5620,4250
1,5110,4800
2,5230,910
1,5240,1740
1,1740,2850
6,5120,5240
1,5700,3510
1,5320,2550
2,5810,520
2,520,5810
1,5610,5410
2,5810,5000
2,5860,2040
5,5400,4230
5,5000,430
2,5860,3500
2,5510,5240
1,5840,3650
8,5620,6260
1,5700,3410
1,5240,950
7,5620,4050
5,4050,5620
3,5620,3600
1,5000,730
1,5810,1110
6,4250,4030
2,4250,1960
1,1960,1650
7,5400,3600
6,5240,3600
9,5400,5000
2,5000,4710
1,5260,1820
1,5110,5260
1,5260,5630
1,5020,1110
1,5000,3650
3,5120,3650
1,5810,4840
1,100,1740
1,5310,5930
2,5620,2600
12,5700,5000
1,5620,6520
1,5700,2020
12,5860,5700
1,5700,3540
1,3540,120
1,120,3540
2,3540,4620
1,5700,50
1,50,130
4,5700,2720
3,2720,2340
4,5400,4040
2,4040,5120
2,5860,3640
1,5120,4840
12,5620,4220
1,5230,5000
2,5620,4010
1,5000,7020
3,5610,4220
3,4220,5610
1,5510,5550
7,5700,5260
7,5260,5700
1,5120,2140
1,5620,6300
1,5700,5220
2,5700,4430
1,4430,2330
1,5630,3950
1,5600,4010
1,5120,130
1,5820,5110
2,5860,1010
2,1010,2720
1,2720,1010
2,5850,4220
5,4220,4230
2,5240,2300
1,5120,4250
1,5350,5000
2,5820,3600
3,5400,5520
1,5810,6050
1,6050,2840
1,4250,7020
6,5160,5000
1,5000,5160
2,5240,4050
7,5000,120
1,5240,5230
2,5230,5240
2,5510,1110
12,5000,5700
7,5700,5240
1,5610,2600
1,10,9990
1,9990,1540
1,5240,4210
1,5860,7130
1,5260,1540
1,1540,1360
1,5310,3130
1,5700,120
24,5400,5700
22,5700,5400
3,5400,2540
2,2540,5700
2,5260,3650
1,5420,2150
1,2150,5420
1,5840,4230
1,5000,3130
1,5120,2020
1,5900,5810
2,5810,3600
1,5240,3320
4,5620,4030
1,5130,4300
1,5630,530
1,5810,2320
1,5600,2710
8,5240,5120
5,5120,5110
5,5240,5840
2,5120,5220
1,5220,2150
1,2150,2200
1,5120,830
1,5340,6200
4,5860,430
1,5300,5700
3,5620,5240
1,5810,1010
1,5860,230
3,5360,5700
1,5400,2100
2,5600,3650
1,5120,4700
1,5820,2020
2,2020,2150
1,5260,4960
1,5240,9810
2,5240,4810
1,5860,3410
2,5120,2010
2,5700,2000
2,2000,5700
1,5530,4220
2,5240,560
1,100,2060
3,5620,9610
2,5310,5700
1,5240,700
1,5330,720
8,5620,4700
1,5120,4850
5,5620,6420
1,6420,4430
1,4430,6420
1,5520,1040
1,1040,5330
1,5240,1710
1,5240,600
2,5110,3600
1,5560,5550
2,5110,5840
1,800,5600
1,5620,530
2,5820,2540
1,2540,5400
1,5700,350
1,5700,4810
2,5700,2550
1,5620,9350
2,9350,3600
6,5000,5240
22,5620,4720
1,560,5240
2,5310,2020
7,5700,5860
1,5860,5260
3,5260,5120
2,5700,2860
5,5700,4600
2,5520,3600
2,3600,5840
1,5810,800
5,5300,4720
11,4720,2300
2,5560,3920
1,3920,5540
3,5840,4810
14,5240,4110
3,5240,5350
1,5350,4960
1,5700,1040
2,5000,230
1,5810,5260
2,5700,2540
1,5110,520
2,5310,3600
3,5400,2140
4,5620,4940
4,4940,6230
13,5620,9620
2,5400,1960
1,1960,5100
5,5240,5160
2,5100,4920
2,5310,4030
4,4030,9620
14,9620,6420
7,5400,3650
2,5700,5120
7,5240,5000
1,5240,6230
1,5000,840
3,5300,5120
1,5120,2310
4,5100,5120
2,5240,5140
1,5620,7240
1,5310,2310
2,5120,5140
1,5520,5120
3,5000,5110
4,5700,800
2,5400,9990
2,9990,3600
3,5330,910
1,5100,5010
2,5700,5920
2,5920,5700
2,5620,7310
1,7310,8710
1,8710,6440
4,5120,5400
3,5620,5610
6,5610,9620
53,9620,6260
3,6260,7340
1,5260,5930
1,5930,830
1,830,5860
3,5400,2310
1,2310,3600
1,5800,5810
2,5240,3650
10,5700,4760
19,4760,2540
1,5150,430
1,5350,5260
1,5820,5120
2,5000,340
2,5320,2340
1,2340,5320
1,5320,2310
2,5000,2010
1,5340,540
4,5400,430
2,430,2200
1,5600,430
1,5230,830
1,5120,540
2,5350,5240
1,5120,120
3,5120,5700
2,5120,4900
4,5620,6050
3,6050,5620
1,6050,6710
5,5120,4720
21,4720,5160
1,5810,3310
1,5820,1010
2,5510,9130
1,5700,5340
3,5820,5330
2,5860,3600
1,5400,5300
1,5100,1550
3,1550,5240
3,5620,5540
1,5820,3650
1,3650,3310
2,5620,2200
1,2200,1860
1,1860,2860
1,2860,2200
1,5160,3640
1,5310,5420
1,5860,5420
1,5520,2630
2,5000,2000
2,5600,5400
2,5860,5120
1,5110,50
1,5530,2320
3,2320,2310
2,5700,4010
1,5810,5800
1,5800,1920
1,1920,1010
1,1010,1960
4,5260,5400
1,5700,4350
4,5000,4200
3,5620,5700
2,2200,5400
1,620,5120
4,5120,5620
1,5510,7200
2,5350,5610
9,5860,4720
22,4720,5860
2,5320,4220
1,4220,5320
1,5320,430
1,430,420
1,420,4850
1,4850,420
3,5330,5930
1,5400,4840
4,5110,5700
1,5020,1100
2,5400,5840
5,5840,5700
5,5700,5840
1,5260,5420
8,5400,5930
3,5700,5930
1,5420,5930
5,5120,5810
2,5540,5700
1,5610,4750
1,5350,2630
1,2630,5910
1,5620,7320
1,7320,7010
1,5820,5900
2,5900,2850
2,2850,5900
2,5860,2340
2,5700,5820
3,5820,5700
1,5360,5820
2,5260,5160
2,5400,2200
2,5240,2020
2,5860,9610
4,9610,5860
1,5860,7340
1,7340,5860
1,5300,3600
1,5520,5500
1,620,5700
3,4760,2330
2,5840,5400
2,5620,4840
5,5160,120
1,5610,540
1,2200,2540
1,5620,6530
1,6530,5620
3,5100,5000
2,5160,2310
1,5520,160
1,5540,5240
1,5520,5000
1,5120,840
2,5420,5000
1,5240,5110
1,5510,2020
1,5510,4220
2,5860,5000
1,5240,3910
1,5260,8710
3,5320,5860
3,5610,6260
2,5620,6230
2,5620,6440
1,2040,5860
1,5240,6440
1,5400,60
4,5240,430
1,5700,7200
1,5110,5240
2,5810,5120
1,5800,5120
1,5120,5300
2,5810,620
1,5160,5330
1,1110,4250
1,4250,1110
1,1110,5510
1,5510,7010
1,5310,7000
1,3240,2540
1,5000,5840
1,3500,5860
1,5320,2540
1,2540,5320
3,5320,5810
1,5810,1820
1,5810,2340
1,5240,9120
1,4220,5530
5,9620,6600
2,5110,5120
1,5260,5850
1,5850,5600
1,5600,5920
1,5120,5520
1,5620,220
1,5020,4220
1,5200,800
1,5250,5860
1,5860,5250
2,5400,5620
1,5240,2910
2,5700,5420
1,5600,1010
7,5260,4720
1,5620,5510
1,5700,2010
2,5810,5860
1,1010,1000
2,1000,1010
2,1010,1110
1,5860,3130
1,5240,6240
3,5310,5400
2,5000,5400
2,5860,5820
1,5850,4250
1,4250,5110
1,5110,4250
1,5860,7420
2,1000,2540
4,5240,120
1,5160,5860
1,5860,5160
1,5620,320
1,5610,7810
1,5530,5100
1,5610,6240
1,5700,560
1,5000,5930
3,5400,3410
2,3410,5400
1,5240,2440
1,5400,6710
1,6710,4430
1,4430,4220
1,5100,9120
5,5240,5620
1,5240,9820
1,6050,4020
1,4020,9360
1,5330,2320
1,5810,5110
1,5160,1000
1,1000,5240
1,5160,5700
1,5620,510
1,510,530
1,5100,2340
1,5100,5420
2,5820,5240
1,5400,820
2,5160,5340
1,5260,4060
1,4060,2540
6,2540,4110
7,4110,2540
2,2540,2000
2,2000,2010
1,5620,8620
7,5860,4600
1,5000,4210
1,5700,3400
1,5600,5860
2,5860,5600
2,5000,410
1,5860,3240
1,3240,2000
1,5140,8740
2,5860,5110
3,5240,4850
1,120,4760
14,4760,5810
3,3650,5260
3,5260,3600
1,5510,5000
2,5110,2140
2,5240,3640
1,3640,5240
1,5240,4960
1,5260,4430
1,4430,710
1,5150,5220
1,5240,5420
4,5700,4060
1,4060,5260
1,5410,6050
1,5510,5930
1,5000,310
1,5530,950
1,5300,3230
1,5020,540
2,5240,5610
1,5610,5700
1,5340,800
17,5400,4760
45,4760,5400
3,5000,5100
1,5840,5810
1,3600,5520
21,5240,4720
1,5000,5600
1,5350,2020
1,2150,5920
1,5920,1060
1,5000,1810
1,5700,3630
1,5820,2050
1,5700,9830
1,5510,9820
2,5110,5400
1,5700,9800
1,5400,5420
2,5400,4810
1,5800,1530
2,1530,6260
2,6260,1530
1,1530,1550
1,1550,1530
1,1530,1540
2,5410,20
1,20,560
1,5860,2330
1,5200,120
1,5120,5900
1,5820,940
1,5530,1430
2,5860,50
1,5610,7410
1,7410,7420
1,120,5340
1,5840,5860
2,5860,5840
2,5700,410
1,5810,9620
41,9620,4020
1,5240,1300
1,5240,4710
1,5350,6420
1,5000,950
1,5400,1060
6,5860,5400
9,5400,5860
2,5810,5610
1,5610,5350
11,5620,3920
1,5300,340
2,5240,1110
1,5630,4710
1,4710,6200
1,5610,9740
1,800,5100
2,5250,5260
1,5260,5250
1,5600,5000
2,5840,730
1,5010,5240
19,4720,4610
1,5620,1540
1,1540,5620
1,5000,2710
1,5230,2340
1,2340,5230
1,5700,5520
1,5810,4710
1,5140,800
3,3640,5400
8,5400,5240
1,3600,5820
2,5700,5200
1,5840,120
2,5820,5810
3,5700,2310
1,5510,5920
2,5000,620
2,620,2340
1,5560,9810
1,5850,2300
2,5240,910
2,5400,800
2,800,5400
2,5840,5930
1,5930,5840
1,5400,2630
1,4840,5160
8,5160,5240
2,5000,540
2,5400,5160
1,5860,2910
7,5810,5240
1,5900,4430
1,4430,3220
2,5620,4810
2,4810,4110
2,2340,5860
1,5310,3410
1,3410,5310
2,2720,5700
1,3130,5700
1,5620,7000
1,7000,7240
2,5160,5260
1,5260,910
2,5260,3950
2,3950,5930
12,5240,5400
2,5240,2320
2,5020,4110
1,4110,5250
2,5900,5160
3,5860,2200
5,5240,5100
3,5100,5240
3,5260,5240
1,5810,6260
1,5300,4250
2,4250,5300
1,5620,2340
9,2340,4720
1,5420,5240
1,5620,5630
1,5860,2850
1,5150,4220
4,5820,4720
3,4720,1550
1,1550,4710
1,4710,2340
3,5860,5240
2,5700,130
1,5140,620
1,5840,2010
1,5860,3520
3,5810,1960
1,1960,3300
2,5100,5700
1,5320,2300
1,2300,5260
1,5260,5110
2,5110,5930
1,5340,5860
1,5520,5810
6,5400,5110
1,5520,5350
4,5240,5300
2,5300,5160
3,5000,5120
2,5860,3650
3,5300,5400
1,5400,4050
2,4050,5810
2,5810,420
1,100,620
1,5240,1020
1,2010,2550
1,5400,4920
1,5260,5910
1,5910,5850
2,5600,5810
1,5810,5920
1,5920,5620
2,5930,5400
1,540,5840
1,5400,4030
1,4030,430
1,430,4430
3,4430,4250
2,4250,430
3,430,4030
5,4030,5400
2,5000,4810
2,5700,2820
1,2820,2150
2,5810,120
1,5230,4230
1,5300,2310
1,5810,5320
1,5320,2840
1,2840,5320
1,5000,9000
3,5240,2200
1,5000,2810
1,5000,5620
1,5000,7340
1,5120,5000
1,5830,1040
1,1040,5830
1,5120,910
3,5410,5240
1,5350,5700
1,5860,20
1,5700,5330
1,5930,5700
1,5260,20
1,5410,5350
2,430,5930
1,5160,7620
1,7620,830
1,830,7620
2,7620,4720
5,4720,1040
1,1040,830
1,5120,3600
1,5550,3600
1,5860,2320
1,2320,2340
1,5400,110
1,5120,4140
1,4140,5860
1,5860,4950
1,4950,5140
1,5000,4600
1,5510,6230
1,6230,5510
4,5810,5700
3,3600,5240
1,5400,1010
1,1010,5820
1,5820,5620
1,5320,2630
1,2630,5320
1,5140,5120
1,5600,4710
1,5700,1020
1,5000,2850
1,5350,3410
1,5350,5810
2,5620,1960
2,1960,5620
2,5620,4230
1,5700,2750
1,5000,3640
1,5510,5620
1,5620,7120
1,5110,3630
1,5620,700
1,5900,3410
1,5110,540
2,5260,430
1,430,2320
4,5240,9620
15,9620,5240
1,5240,5820
5,4720,5930
1,5930,710
1,5600,620
2,5220,5860
1,5260,1360
1,1360,1540
1,5140,5700
11,4720,4710
1,5600,5320
1,5000,910
1,910,5000
2,5240,5600
3,5600,5700
3,5700,5600
1,5360,8710
1,8710,5620
2,4620,4060
4,4060,4760
8,4760,4060
1,4060,800
2,4010,3600
1,310,7700
50,4110,4720
1,4540,800
1,4240,4720
2,4720,4240
1,4240,4840
1,4840,50
10,4020,6260
9,4600,2340
1,2340,2840
5,4020,4230
21,4110,5240
3,4600,230
1,230,420
3,4620,420
2,4210,4250
2,4600,620
2,620,2020
1,4110,2550
7,4610,4110
13,4110,4150
1,4150,5100
1,4110,2000
1,2000,2720
1,2720,4030
4,4510,4760
13,4760,4510
2,4600,2020
1,2020,2300
3,2300,2020
1,4110,6440
1,6440,8650
8,4020,4000
1,4210,4140
5,4140,4720
28,4610,3600
2,4350,3410
1,3410,4350
1,4110,1540
1,1540,1310
1,1310,710
1,4540,1540
1,220,1360
1,1360,600
11,4010,310
1,4040,8030
1,4010,2630
1,2630,3600
7,4720,5510
1,4110,3620
1,3620,3160
5,4110,4430
3,4610,4840
2,4840,3410
1,4040,6100
3,4110,3410
1,3410,4900
9,4600,3600
9,4110,5810
1,4550,1020
1,4120,5610
13,4020,4010
2,4150,5240
1,4840,4800
1,4800,540
5,4600,4050
1,4610,4460
9,4010,4050
3,4020,7340
1,4600,2010
1,4540,1300
11,4600,5240
3,4020,5260
1,4010,3650
1,3650,4010
1,4010,5810
2,4110,2310
1,2310,2010
1,4650,3410
1,3410,4760
2,4760,2140
3,4020,7010
1,7010,7020
1,7020,2750
1,2750,7010
4,4600,2000
10,4020,4030
1,4030,1000
1,1000,6420
1,6420,1000
2,4510,5810
3,4600,800
5,4610,4220
2,4020,5810
5,4600,3650
16,4110,4030
9,4030,4110
1,4110,1610
3,4510,5240
3,4610,2540
1,710,5160
1,5160,5810
11,4020,3600
12,4620,2340
1,4120,2850
1,2850,5600
1,4000,4250
1,4110,2320
1,2320,6260
2,6260,2320
3,4120,4050
3,4040,2310
5,4610,5700
1,4610,3130
4,4010,5260
3,5260,4010
2,4010,5900
1,5900,4010
1,5900,940
18,4600,5400
10,5400,4600
2,4010,4600
5,4600,2720
1,2310,2720
9,4110,4050
26,4150,4110
1,4000,1010
2,4200,4230
5,4110,4220
1,4010,7020
24,4110,5400
1,2340,2710
1,2710,2850
1,4120,3600
1,4640,2330
1,2330,2720
1,4110,4800
2,4110,1020
1,1020,4110
2,4110,2850
1,2850,9990
1,9990,800
1,4640,350
2,4040,2830
4,4010,4700
1,4110,7420
1,4020,4040
16,4600,4110
1,4120,3500
2,4110,2750
1,2750,5620
1,5620,2750
1,4110,3050
2,4020,2600
1,2600,4020
4,4620,430
1,430,2010
1,2010,2020
2,4210,4220
1,4010,130
14,4020,6230
8,4600,4020
1,4600,6420
2,4610,5400
1,5700,2060
1,2060,4220
5,4620,2310
17,4110,3600
3,4610,5240
1,5240,5510
6,4150,5700
13,4020,4220
3,4220,7010
1,7010,4020
9,4110,2340
1,4110,4710
1,4710,5620
3,5620,6600
1,6600,5160
1,5160,6510
1,4520,9820
1,9820,6940
2,4120,4720
3,4720,3500
2,4110,3630
3,4600,4010
3,4530,4220
1,4010,3410
2,4120,5620
2,4110,620
1,620,4110
19,4720,5120
4,5120,4110
2,310,3600
2,4020,4710
1,5400,4240
4,4620,6420
1,6420,50
1,4620,2060
2,2060,2310
1,2310,2060
2,4620,910
8,4620,4760
2,4110,5510
1,5510,160
1,160,8030
3,4020,1040
1,4610,7200
3,4110,3650
7,4220,4020
2,1040,4020
1,4020,1010
1,1010,4020
2,4110,2010
1,2010,4960
1,4320,50
1,50,4320
25,4110,4040
1,4110,3130
9,4010,4020
3,4620,5930
13,4600,5700
10,4020,4050
2,4150,4030
4,4030,4150
2,4150,5810
4,4010,4250
3,4620,4030
2,4030,6050
1,4020,7260
1,7260,7210
5,4620,9620
4,6260,6440
5,6440,9620
34,9620,4220
1,4210,620
1,4640,4130
1,4130,2310
2,4650,4150
1,4610,1430
1,1430,4610
1,4610,1450
8,4720,4040
4,4600,5810
1,4110,5800
1,5800,4110
1,4200,4050
1,4050,4200
5,310,4010
1,4540,5320
1,4720,7010
2,4610,2020
4,4610,2000
5,4110,4120
1,4120,1220
1,1220,4120
7,4110,4700
7,4600,5620
10,4720,5100
1,5100,4150
5,4150,4600
1,4600,4040
1,4510,5560
1,5560,5860
1,5860,2750
1,4200,2630
2,4150,5860
1,5860,6420
4,4600,5260
1,5260,5350
7,3600,4110
14,4040,4110
1,4010,4220
11,4220,4110
1,6420,5110
1,5700,5300
1,5300,5520
1,5520,2300
14,4020,4110
12,4020,5620
1,3600,5260
5,6230,5620
9,5620,4020
1,4550,3600
2,4110,5310
2,5310,4110
1,4050,6350
1,6350,7150
1,7150,7200
2,5810,4110
1,4200,4250
1,4600,9990
1,9990,4600
4,4600,4430
1,4540,4220
1,4200,5000
1,4200,410
1,410,420
2,4110,5110
1,5110,4940
2,4940,5110
5,4030,4220
8,4110,5860
4,4020,4840
4,4840,6260
1,6260,4840
2,4600,1960
1,1960,5000
9,4110,4250
1,4010,4900
2,5400,4130
1,4130,5400
1,4620,2820
1,2820,60
1,4600,4320
6,4110,6260
1,4600,4810
1,4420,5320
1,5320,5120
26,4020,4720
1,4110,7610
1,7610,4110
1,4000,520
1,520,4000
5,4050,4010
9,4010,4720
2,4020,7310
1,7310,4020
1,4200,4220
1,310,3410
1,5810,5900
1,5900,5600
2,4500,4320
1,4300,4430
5,2340,4620
3,4110,5020
2,5020,5240
1,4030,4140
2,4140,4250
1,4510,5140
3,4110,4610
6,4620,2540
6,4700,20
1,2310,4600
3,4620,3650
3,3650,4620
4,430,4620
6,5240,4600
16,4600,4760
1,2310,5230
1,5230,5420
1,5420,910
1,4150,5010
1,4020,9990
3,4110,1040
1,1040,1100
7,4510,4520
4,310,4110
3,4150,2300
5,2300,5400
1,4200,6510
3,4110,5260
1,4020,7150
1,7150,4020
2,4110,6420
1,6420,4110
18,4110,4020
1,4020,6420
1,6420,4000
22,4110,4760
3,4760,1960
1,1960,5400
1,1960,5840
1,5840,5240
2,4320,4510
2,4510,4030
1,310,4760
48,4760,5620
2,5620,2150
2,4620,3600
1,3600,4620
2,4610,5860
1,5860,4610
2,4640,4610
1,4320,560
5,3600,4020
1,4110,1900
1,1900,2720
5,2720,4110
3,4030,2720
1,4220,1010
5,4620,2000
1,4010,4040
1,4320,2010
1,5700,5100
1,4110,6050
1,6050,2540
1,4610,5300
2,4350,3650
2,4040,4010
11,4600,5860
7,5860,4110
1,4350,6050
1,4120,2600
1,4010,5300
1,2340,1960
1,1960,2540
1,4000,2820
1,4350,5620
1,5620,4350
1,4350,9130
1,4600,1530
1,1530,2820
1,2820,1430
1,1430,820
5,4020,4140
1,4120,5820
1,4640,2340
1,4620,9990
1,9990,2010
2,4610,2010
1,4210,220
11,4000,4020
1,4520,2540
1,4110,5850
13,4110,5620
1,5620,50
1,4020,5930
1,5930,7200
1,7200,5930
1,4600,540
1,540,4700
6,4110,4130
10,4130,4110
2,4110,7810
1,7810,2630
9,4510,4720
5,2340,4110
1,4120,5800
1,5400,5260
2,5260,4030
1,4030,1040
2,4020,3650
1,310,4840
2,3600,5700
2,5240,5310
1,4200,5530
10,4030,4020
1,4350,5400
1,4520,2330
1,4020,850
2,850,4110
1,4110,50
1,4020,1000
1,4600,4900
1,4120,6420
1,6420,2440
1,4010,7220
9,4600,4230
4,4230,4600
2,4020,5100
4,4050,4030
1,4620,5860
2,5860,5810
1,5810,7810
1,7810,5800
1,4620,1830
1,1830,1860
4,4600,5010
1,5010,2820
5,4020,4130
2,4130,4140
8,4110,5160
1,4500,6230
1,6230,4500
1,4010,5340
1,4020,5310
3,4220,4030
2,4510,4320
12,4020,4760
18,4760,5860
1,4040,6240
1,6240,6330
1,6330,6600
1,6600,4940
6,4940,4150
3,4110,5120
1,4610,5120
1,5120,4610
1,4610,5930
2,5930,5120
2,5120,5100
1,4610,5230
1,5010,4600
1,4600,2140
1,4020,5400
2,4230,4610
1,4150,6230
1,6230,5110
1,5110,4020
3,4140,4030
3,4030,4050
1,4050,4250
1,4250,8850
1,8850,9600
5,4600,5160
1,5160,4130
2,4510,5620
1,4350,1020
1,7010,4140
2,2340,5240
1,4010,7300
1,7300,5620
1,4000,6420
1,3600,9990
1,4600,2760
1,330,340
1,4340,4350
2,4350,4340
2,4430,4600
3,4020,4150
2,4010,4130
2,4510,4610
2,4350,5160
1,4110,5320
1,5320,5620
2,5620,5320
2,4130,4600
3,4110,410
1,4510,3410
1,5860,2000
2,2000,5860
2,4150,4010
1,4110,1910
1,4600,220
1,4120,1550
1,4600,20
1,4620,3610
1,3610,4620
5,4620,4110
5,4610,4720
2,4120,4020
1,4010,4200
1,2310,540
1,540,2330
2,4110,2020
1,2540,5330
1,4650,2020
1,2020,2000
1,2340,5330
3,4430,5400
2,5400,2720
2,2720,5400
1,4010,5620
1,4040,3640
1,4200,5300
1,4650,4050
2,4050,5700
2,4420,5400
1,5400,4420
1,4120,730
1,4610,3410
1,4110,2630
1,4320,5700
1,4620,5320
2,4010,800
2,800,5700
1,4120,6230
1,6230,6820
3,4620,5700
1,4010,2140
1,4110,110
1,4350,210
1,4120,4010
2,4720,5520
1,1040,2010
1,2010,4810
29,4720,4010
1,4010,40
1,4000,5620
1,4230,2300
3,4110,4230
5,4230,4110
2,4230,2310
1,4040,9140
4,4600,2320
3,4020,4430
1,4430,1000
1,1000,1110
1,1110,5310
1,5310,5860
12,4110,4010
15,4010,4110
2,4010,5000
1,4640,2320
1,2320,5840
1,4040,4810
1,4810,4760
5,4760,4810
9,4600,4510
2,4110,3740
7,4150,5400
1,4110,5840
1,4240,430
1,4320,8550
1,8550,2600
1,4040,50
1,50,4130
1,4130,50
1,50,4840
1,4020,5300
1,5300,4020
1,4020,5000
1,4110,1560
2,4110,2200
1,2200,4110
1,4610,3030
1,2540,2060
1,2540,2720
1,2720,2540
1,2200,2320
1,310,6050
1,6050,4230
1,4230,5300
2,4600,5930
1,5930,5420
1,4620,5600
1,4600,5800
1,4420,5620
2,5620,2540
1,2540,5900
1,4120,5810
2,4120,2340
1,4300,5000
1,4620,1020
1,1020,1040
1,4010,5860
1,4550,5330
3,4110,3500
1,3500,5400
2,4600,3130
1,5810,1550
1,1550,2020
1,4240,3600
1,4110,2400
1,4600,5820
1,5820,340
1,340,5400
2,4020,6440
1,6440,6420
1,4010,4760
3,4010,4030
6,4030,4010
4,4050,4110
3,4250,4210
1,5010,2300
3,4610,2340
1,2340,2050
1,310,7000
1,4600,310
2,310,5400
1,4010,5120
105,4720,4110
2,4010,2340
4,4620,4960
2,4600,5000
1,4010,6260
1,6260,4010
3,4010,2020
2,2020,4010
2,4110,4950
4,4110,2300
2,2300,4230
1,4110,910
1,910,5930
2,4110,5820
1,5820,860
2,4020,6600
12,4720,430
1,4060,5700
3,4020,6510
1,6510,6050
1,4600,7750
2,4020,7200
1,4110,5600
1,5810,5600
1,4650,3630
1,3630,4610
1,4110,6320
1,6320,4110
1,310,3110
2,4410,7010
2,7010,4410
1,4410,2200
1,2200,1000
1,4350,9720
2,9720,8960
1,4020,4210
1,4120,2300
1,4040,3600
2,4610,4600
1,4010,6420
2,6420,6440
1,2010,4610
1,4610,2330
4,4620,5400
1,4420,4050
2,4020,5610
1,4520,5700
1,5700,4520
1,4040,3130
2,2000,4600
1,4050,6260
1,4350,6220
1,4060,4620
2,4620,5620
2,5620,4620
28,4720,4220
2,4020,4510
1,4510,4220
2,4220,4510
2,5160,5400
1,4610,210
1,210,5240
2,4020,6330
2,6330,4020
1,4150,2830
1,5620,6220
1,4010,850
4,5260,4110
1,4020,7330
1,2340,5120
1,4510,5840
4,4150,4620
1,4620,5140
1,4760,420
2,4200,7340
1,310,940
2,940,4030
1,4030,2540
2,4030,5850
1,5850,4110
2,2310,2540
8,4600,4030
3,5240,4610
1,410,3640
1,4040,620
1,620,4150
3,4150,4040
1,4040,4350
1,2010,6260
1,4510,8410
12,4020,4250
1,4200,7000
1,4150,3520
1,3520,4700
1,4460,2540
4,2540,4760
1,4960,50
1,4210,20
1,4150,2540
1,4150,4140
2,4140,4230
1,4620,1100
3,2340,4020
1,4020,2310
12,4140,4020
1,4030,4060
1,4060,4120
14,5700,4720
5,4110,2720
3,2720,4720
2,4650,5700
5,5810,5400
2,4620,4250
1,7340,4200
1,4320,2340
3,4000,4010
9,4150,4720
13,4720,5610
1,4020,50
1,50,4810
2,310,5240
1,620,540
1,4610,9120
1,5860,820
2,2540,4620
1,4150,720
1,720,4760
1,2200,2720
1,2720,3130
3,310,20
1,4030,3600
2,4150,3600
1,4610,9620
1,4610,4130
1,4130,4610
2,4110,4810
1,4600,730
1,4610,2300
2,4000,6260
11,4020,9620
3,4620,2200
1,2200,4960
1,4960,4620
2,4960,5930
1,5930,2810
1,2810,5930
5,4250,4020
1,4110,3540
1,4040,530
2,4110,4520
1,4320,4500
1,4610,3400
3,4150,5260
1,5260,4150
1,4640,1020
2,4020,7810
1,4540,4110
2,4130,4120
1,4620,4510
1,330,5400
1,5400,3510
1,4110,1110
2,2820,5260
1,4640,2010
4,4640,2000
2,4600,4060
3,4060,4150
1,4150,4060
1,4510,4110
1,4120,5160
1,5160,3600
1,5860,4710
1,4710,5860
1,4110,800
1,4110,4320
2,4320,4720
64,4720,5400
12,5400,4110
5,4010,5240
1,4230,4060
7,4600,3950
8,3950,4600
1,2540,2140
1,4120,3650
1,4510,120
1,4010,110
1,4040,4600
1,4620,3630
1,4150,3320
1,4350,2200
1,2200,2010
1,2010,2200
1,4010,2300
1,2300,3650
1,4620,2020
1,2020,4620
1,5930,2320
1,4110,2830
1,2830,4610
1,5400,10
1,10,3730
1,4200,4720
2,4710,4720
7,4620,4600
1,4610,5600
28,4720,4030
1,4030,4160
1,4040,910
1,910,4250
4,2720,4600
2,4600,2860
1,2860,2720
1,2720,2820
4,4150,2340
1,4620,3540
1,4350,430
1,4620,5310
1,5310,4220
3,4220,2340
1,2340,4220
2,4600,2550
1,2550,5930
1,5930,2550
1,4610,6240
1,6240,2020
1,4150,4120
6,4600,4220
1,4040,5100
1,5100,4850
4,4850,4720
2,4020,6520
2,4530,5810
1,4110,140
5,4020,4600
4,2720,5810
3,5810,5930
2,4110,9610
6,9610,4110
1,4200,3500
1,4540,4510
2,310,430
44,4760,4600
1,4010,1960
2,1960,4720
1,4210,6440
2,4110,5300
2,4000,6200
4,4600,5120
1,4010,150
3,4110,4140
3,4040,4020
1,5700,4650
1,4650,4600
2,4600,4650
1,4650,4030
4,4030,5700
1,5700,4030
2,4030,5110
1,5110,310
1,4200,4320
1,4320,4520
2,4110,2150
1,4010,620
2,620,4720
15,4720,5810
4,4130,4020
2,4540,4040
1,5930,4620
1,4620,1910
1,1910,1550
4,4610,5850
2,5850,4610
1,4600,430
1,4600,5150
1,5150,5120
1,4010,1000
1,6420,4620
1,6420,520
1,4110,1960
1,1960,4600
1,4110,1300
1,4600,4000
1,4000,5110
1,5110,4230
1,4220,4530
2,6260,4600
1,4640,230
4,4110,5930
2,4040,2300
1,2300,4040
1,4040,5240
1,4200,5220
1,3600,5100
2,4110,6230
1,4620,5900
1,5900,4840
3,4230,5400
1,4510,2340
1,2340,5160
1,4030,2440
1,5400,5510
1,4520,5820
1,4120,4230
1,5820,2140
2,4110,5000
1,410,4720
6,4110,4060
1,4610,3530
2,4020,4120
3,5400,2300
5,4620,4720
14,4720,4620
1,420,1040
3,4040,310
2,310,5620
2,5620,4040
1,2340,4600
2,6510,4220
3,4220,6420
2,3600,5320
1,5320,3600
1,4600,3500
1,4040,1540
1,5700,4040
1,4020,2820
1,4030,2850
1,2850,6200
1,6200,2850
1,2850,2050
1,2050,5930
2,5020,4720
2,4620,4220
1,4220,2060
1,2060,4430
6,4600,4620
2,4600,4150
1,4020,4200
1,4200,8300
3,4520,4510
2,4620,2300
6,4720,5000
1,4000,4230
1,4400,4600
1,4650,4320
1,4600,4840
1,4110,6530
1,4010,50
66,4720,4600
4,4620,2720
1,4110,7140
2,4140,4220
1,4150,2630
2,4010,4000
1,4510,6420
1,6420,4320
2,4020,310
1,310,5300
1,4110,600
1,600,4040
1,4040,220
2,4210,4110
1,4110,4210
1,5260,5810
1,4000,4030
1,4610,8800
1,4510,5600
1,4150,430
5,4020,7750
2,7750,5610
1,4610,4710
1,3600,5160
1,5160,5930
1,5930,3650
6,4720,4130
1,4110,4410
1,5700,4510
1,4110,4540
1,2540,4610
4,4120,4110
1,4350,4650
1,4650,4350
1,4350,4230
3,4540,4030
2,4030,4540
1,4540,6420
1,6420,4540
5,4510,4600
2,4010,4230
5,4230,4760
20,4760,4030
1,4150,5510
3,4010,5700
2,4010,5400
2,5400,4010
1,4010,4060
2,4060,3600
2,3600,4060
5,4060,5620
1,2850,2810
1,2810,2820
1,4640,4110
1,4110,4640
1,4150,2140
1,4620,5410
1,5410,5360
4,4020,9610
1,4620,5840
1,4640,2020
1,4040,4840
1,4840,4040
1,4040,20
2,4610,3650
1,3650,4610
2,7800,4220
1,7700,5240
1,140,430
1,8440,2630
1,7700,110
1,8960,1540
1,8740,430
2,8130,8100
1,8210,300
1,8460,6260
3,6260,7810
1,7810,6260
1,8140,7210
1,7210,5520
1,5520,7200
1,7200,5520
1,7750,2310
1,7830,1600
1,1600,2200
2,8740,5400
3,8260,4220
7,7750,4110
3,5160,4110
2,7750,4010
1,8330,4600
1,8630,1430
1,7700,3650
1,7700,5700
1,8920,6260
1,8610,4200
1,4200,7310
1,7700,350
1,8960,4250
4,4250,8960
3,8960,7330
1,8740,1420
1,8740,1460
1,8960,2040
1,8960,2000
1,7800,4050
2,8140,6230
1,6230,6940
1,8950,7800
2,7720,1550
3,8800,3600
1,140,1550
2,8960,4050
5,4050,8960
1,8960,4600
2,4600,8960
2,8260,3600
1,7850,4250
1,4250,2340
1,8460,2320
1,7700,8540
2,7900,8140
2,8740,5860
1,5860,1540
1,7700,6200
3,7750,8650
1,8230,4960
1,4960,2820
1,2820,2830
1,2830,2310
1,2310,2850
1,2850,2200
1,8960,3650
1,3650,5550
1,7700,7810
1,7750,6350
1,8460,2540
4,8830,4720
1,4720,1100
1,1100,6260
1,6260,2910
1,7800,9830
2,8960,4010
3,4700,8830
2,7840,4050
2,8250,2630
3,8740,3600
4,7750,3600
1,4610,2860
2,8960,4950
1,4950,520
1,8250,6200
1,6200,4250
1,4250,6200
1,6200,8710
1,8740,5600
1,8800,8320
1,7830,4050
1,4050,3320
1,3320,4110
1,8640,1920
3,7750,6260
1,8910,4230
2,8800,4220
2,7800,4110
3,7800,9130
1,9130,7800
21,9130,4020
1,7800,5850
1,8830,5620
1,5620,1060
1,1060,5620
1,140,4760
3,8960,5260
1,5260,2440
1,8140,5110
2,8960,5820
2,5820,8960
3,5260,5820
1,5820,5260
1,5820,2200
1,2200,8960
1,8740,7330
3,7750,4140
1,4140,7750
1,8420,7330
1,7700,2700
1,7950,6260
2,7750,4510
1,4510,3600
7,8960,8740
1,7750,9720
2,9720,6420
1,8220,4600
1,4230,5110
1,7700,20
1,20,7700
1,8960,7220
1,7220,6940
1,6940,6320
1,6320,6760
1,8250,4220
2,4220,4960
2,7750,6230
3,8960,4020
1,4020,9150
1,9150,6260
1,7740,1540
2,1540,2630
1,8830,1100
1,8500,6600
1,6600,4250
7,4250,5620
6,5620,7750
1,8800,5900
1,8240,9350
8,7750,4720
1,8800,4710
1,4710,3650
6,8960,5240
4,5240,4020
1,8950,7310
2,7310,6520
1,8260,2200
1,2200,9990
1,9990,2200
1,7700,1900
1,7700,4030
4,7750,7200
1,7200,7810
7,7750,4020
2,7950,3600
2,8960,6320
2,8740,4110
1,1020,1060
1,8250,2830
5,8800,4020
1,8030,5810
1,8230,310
8,8740,4720
1,7720,2540
4,2540,4720
1,8250,4020
1,7950,5610
1,7700,4200
1,7700,8260
1,8030,2920
1,2920,5240
7,8960,4220
2,8960,620
1,140,40
1,40,5000
2,7750,8320
2,8320,7750
1,8960,4040
2,8800,6050
1,8830,5860
1,7750,5320
2,8800,4600
3,7750,7700
1,8850,4220
1,7750,4420
1,8340,8330
1,8330,8340
1,8740,1530
1,1530,2200
1,2200,1760
1,8740,1430
1,1430,1460
1,1460,1430
1,8740,3130
1,8960,2140
1,8620,1920
1,8220,4250
1,7720,620
4,8220,7750
2,8960,7620
1,7620,7340
1,7340,6220
2,8740,1040
1,7850,4010
1,8100,4020
4,8800,4720
1,4720,4160
1,4160,4720
4,7750,8960
3,8960,5610
1,8040,330
1,8550,8500
1,8100,7350
1,8740,7700
2,8960,6440
3,6440,9130
1,9130,8140
1,8550,6510
3,6510,5620
1,8740,8800
2,8800,9620
1,8140,7810
1,8030,7220
1,7220,8030
1,8640,9620
3,8740,7000
1,8740,1110
1,1110,6230
1,8740,5700
1,8540,7300
1,7300,7340
1,7340,7300
1,8620,5610
1,8960,6130
1,140,6200
1,7730,5620
1,8540,6260
2,6260,4230
1,8000,8960
1,8010,5000
1,8010,2540
1,2540,8010
1,8010,230
1,230,2200
1,8960,5850
1,5850,5120
1,7700,5020
2,8740,5240
2,8760,5930
1,7750,2340
1,7950,8130
1,8130,8740
2,8640,6050
1,8030,6440
1,7750,4400
2,8140,5620
1,8920,7920
1,7920,8920
1,7720,7810
1,7810,7010
2,8930,8960
1,8330,4030
1,4030,4950
1,140,5260
1,8740,2300
1,7720,8330
1,140,7700
1,8630,7300
1,8740,1740
1,7940,2910
2,2910,5240
7,8960,7750
1,8220,8200
1,8200,6230
1,6230,7210
1,8220,3300
2,8960,5400
2,8960,9130
2,9130,8500
1,8220,1010
1,7950,4010
1,8030,7750
1,8740,2860
1,7700,410
1,7700,1920
1,8220,5620
3,7720,7750
1,7900,8030
1,8010,4220
4,4220,6260
1,7950,6840
1,7730,6000
1,8010,7740
1,7740,5600
1,7800,2550
3,8960,6230
1,8930,5700
2,8740,4140
34,4720,5700
3,8140,7700
1,7750,4620
5,7750,4250
2,4250,4110
1,8610,6050
1,7900,5620
2,4250,3600
1,8950,4110
1,8100,5240
1,7830,4030
1,8640,7750
2,8740,4250
1,8800,4510
1,7920,1430
1,8610,7000
1,8960,4150
3,5240,2720
1,8220,5850
3,8960,9640
1,7840,5930
1,5930,950
3,8220,8140
3,7700,6230
1,4720,1400
1,1400,4150
2,7750,6240
1,8260,4010
1,7730,6260
2,4250,2200
1,2200,1410
1,1410,7410
1,8620,1960
1,1960,4850
1,8140,4250
1,4250,8030
1,8030,4250
1,8740,6200
1,8220,6050
1,8260,6230
6,8960,6260
1,8740,1360
2,7750,6420
1,6420,4220
1,8800,8650
1,8650,1920
3,7750,4220
1,4220,4200
9,8960,5620
1,5620,6330
1,8830,4030
1,7750,1340
1,1340,7340
2,8230,4110
3,4030,4040
2,5240,4230
1,8130,8910
2,8720,8220
1,140,50
1,8800,9500
1,7700,4010
1,7700,7000
1,8350,4810
1,8860,4020
1,8740,7410
1,5620,6940
1,8250,1540
1,8100,6420
1,7950,7010
3,8100,7750
1,7950,7020
1,7700,6440
1,2340,3410
2,7700,6600
1,8530,7700
2,7750,7840
1,7840,7750
3,8740,4900
3,8830,2910
1,2910,8830
1,7700,120
1,8630,430
2,8900,4020
1,7750,4060
1,7800,7340
2,7700,8140
2,8220,7720
1,8240,5000
3,8740,7200
1,8200,7750
1,7800,7750
1,7750,7730
1,7950,8740
57,4720,5240
2,5240,8800
1,8960,8720
1,8240,2320
2,4220,6050
2,7700,7020
1,8950,6520
1,8350,5600
1,7700,3510
1,3510,5240
1,7740,8220
2,8100,8960
1,6600,8140
7,7750,8140
1,8000,4250
2,4250,8000
1,8000,8140
3,8800,8960
1,8960,7930
1,8220,4220
2,4220,7750
1,7750,8530
1,8830,4420
1,4420,310
1,310,8960
2,8830,5310
1,5310,5220
2,8740,5620
2,4620,4540
3,4540,6230
1,6230,2600
1,7920,8740
1,8800,7800
1,7800,4250
1,5400,8250
1,8250,8800
1,8830,3600
1,8930,1040
1,1040,5110
2,8530,8960
1,8960,2320
1,2320,350
2,8740,9620
2,8140,7750
3,8740,7750
1,7750,5510
1,5510,6240
1,6240,1550
1,1550,5510
1,5510,4110
2,4110,6240
1,8000,5620
1,7700,9640
1,7840,7810
1,7810,7840
1,7840,4250
1,8960,8800
1,7720,8960
1,140,8960
1,7950,5860
1,7750,6730
1,6730,8260
1,8960,9750
3,8800,7750
2,7840,7800
1,7800,7300
1,7300,4230
1,8260,5400
1,5400,8260
1,8260,4600
1,4600,8260
1,7840,4900
1,7700,4060
2,7750,7720
2,7720,4030
1,4030,7720
5,4030,5860
5,8960,4110
1,4110,1010
1,1010,300
1,300,1430
3,4250,2630
1,8740,2630
5,8140,4020
1,7720,8220
3,7720,9620
1,8230,5860
2,8220,6260
2,6260,7950
3,8960,8220
1,8220,4230
2,4230,7750
1,8720,4010
1,7700,8320
1,8740,5110
1,7840,4030
1,8960,8320
3,9620,810
2,8140,8960
2,4140,4110
2,4140,4600
2,4600,4950
2,4950,4600
1,8800,4140
1,8100,6710
1,8740,710
1,710,120
1,8950,6440
1,140,1430
1,1430,300
1,8830,8260
2,8740,140
1,8500,7750
1,7920,1540
1,7720,4720
1,8960,7120
1,7700,9800
1,8460,5610
1,5610,2920
1,6230,8140
2,8220,4140
1,8830,8250
1,8250,8830
1,8130,8600
1,8960,6400
1,6400,4250
2,4250,220
1,220,8810
1,7750,2720
1,2720,7750
1,7750,2320
1,7700,8960
1,8830,5930
1,8640,6440
1,7750,4430
1,8800,8100
1,8830,4220
1,4220,2310
1,8240,3850
1,8530,4020
28,9620,4110
1,4110,8810
1,8960,340
1,340,3650
1,3650,4020
1,8740,220
1,7700,6530
1,8730,1960
1,8140,4960
2,7700,8740
1,7830,7850
1,8140,8000
1,8800,4760
1,8920,8760
1,8950,4710
1,6050,5930
1,5930,2200
1,2200,5930
1,8030,7330
1,7330,8030
1,4950,6260
2,4020,8220
1,8260,6520
1,6520,8810
1,7950,7350
1,8760,4720
1,8240,5850
1,7720,4250
1,8260,4020
1,8760,8650
2,8650,8960
2,8800,8220
2,8740,4020
1,8960,7920
1,7920,7900
2,8960,4030
3,4030,8960
1,7750,4840
1,4840,5100
1,8800,7810
2,8960,4510
1,5810,4510
1,8140,9130
1,8140,7340
1,7740,8810
2,7950,6440
1,8960,7900
1,8550,4250
1,8800,4110
1,8400,5930
2,8960,4230
2,8220,8960
1,8260,8800
1,8140,8710
1,7750,4050
1,4050,5310
1,5310,2750
1,2750,4610
2,8830,4110
1,8760,5240
1,7950,6230
1,6230,7950
1,7950,8960
1,8030,8960
1,7800,4010
2,6260,8960
2,7750,6600
1,8740,8920
1,8920,2600
1,2600,4230
1,8030,140
1,7700,140
1,7800,3500
1,7720,7110
1,7110,7720
1,8140,1550
1,6440,5620
1,8740,7020
1,7020,4220
1,8260,4430
1,4430,2630
1,2630,7010
1,7010,4110
14,6260,9620
1,8800,310
1,8740,1920
2,8740,4220
1,8230,4250
13,4720,4140
2,4140,4010
1,7700,340
1,8260,6510
1,8220,4130
1,8500,9810
1,7750,6200
1,7800,4000
2,4000,4110
1,140,4700
1,8800,4010
1,4510,8960
1,8140,4140
1,3730,50
5,3950,5700
3,2720,5120
1,5120,2720
2,3800,2000
2,3920,2310
1,2310,430
1,430,710
3,3920,5860
2,6260,5310
1,5310,560
1,5860,1040
1,1040,20
2,3920,5550
1,3950,9810
1,3920,20
2,3740,3720
1,3800,3300
1,3740,5000
1,3820,930
4,3920,6260
1,8000,7900
1,3910,730
2,3920,2300
1,3800,6050
1,3950,6420
1,6420,3950
1,3950,800
1,3730,3650
1,3800,1550
5,3920,5610
3,5610,3920
1,3820,1820
5,3920,6230
1,3820,2010
2,3920,2910
1,2910,3920
3,3850,9810
3,3920,4510
1,4510,3920
1,3820,4110
5,4110,4620
1,5120,710
1,3730,5840
1,3950,2320
1,3950,3400
1,3920,7310
8,3920,3730
2,3950,3130
1,3740,4620
1,3910,4760
1,3950,7800
1,7800,2310
1,2310,2430
1,2430,4250
1,4250,2310
2,3920,5700
1,5550,9140
1,3850,5240
2,5240,3850
1,3850,2000
8,3920,4720
2,4720,5850
4,3920,3850
3,3920,5000
1,3920,1000
1,3820,2140
1,3700,3800
1,3920,4320
2,3950,4030
2,4030,3950
1,3950,4620
2,4110,5410
1,5410,1840
5,3950,4110
3,4110,3950
1,3940,6260
2,3950,5860
3,3740,3400
1,3850,5400
1,3720,3740
3,3950,4720
1,3920,1230
1,1230,710
7,3920,4110
3,3950,4150
4,3920,5620
2,3920,5400
2,5860,3950
3,5860,4030
1,5700,3950
7,3920,4020
1,3920,7000
1,7000,6510
1,3800,1040
2,1040,5400
1,4060,4130
1,3730,620
1,3910,5930
1,5930,5810
1,3950,1110
2,3920,4710
1,4710,3920
4,3920,4900
1,4900,5620
1,5620,4900
2,4900,4110
4,3920,3600
1,3840,3410
1,3910,5010
5,3920,4220
4,4220,3920
2,3920,4000
1,3920,40
1,40,4800
2,3730,3920
1,3800,5600
2,3950,4250
2,4250,800
1,3700,2000
2,3850,3820
1,3920,1300
4,3920,9620
4,9620,5510
2,3920,2010
1,2010,430
1,3800,5110
1,3950,3410
9,3920,5240
1,3740,4540
1,3850,430
1,430,620
2,620,5400
1,3910,1110
1,3920,8220
1,3850,5420
1,3920,5310
1,5310,3920
1,3920,6130
1,6130,3920
2,3920,8740
2,3940,9620
1,3920,2000
2,5620,5350
1,4510,5630
1,5630,5400
3,3950,4220
1,4220,3950
1,4220,800
2,3710,3850
1,3850,3710
1,3910,9800
1,5700,4620
1,3920,4040
3,3920,4250
2,4250,6050
1,6050,7610
2,3920,4650
1,2720,5820
1,3920,3650
1,3920,2630
1,2630,1530
1,3950,4130
1,3920,620
1,3940,3600
2,3950,5240
1,3840,4110
3,3920,2720
1,3920,7010
1,7010,5850
1,5850,130
1,130,7010
2,3920,2540
1,2540,5810
1,5810,1810
1,3940,6660
1,3950,8920
1,8920,4030
1,3950,4710
1,4710,4650
1,4650,4130
1,4130,7800
3,3920,4600
1,3920,6350
1,3920,4530
1,4530,3800
2,3950,4060
1,4150,3950
3,3800,3700
3,3740,1960
2,1960,3740
1,3730,4240
1,3740,7330
1,3850,4230
1,5700,3640
1,3920,730
1,3910,430
1,3840,4150
1,4150,2920
1,2920,4150
2,4620,4150
1,3920,2750
1,2750,2600
1,3920,4150
3,4150,9620
2,3920,8960
1,3920,2140
2,4020,1960
1,1960,4020
1,3920,5530
1,2000,5120
1,3730,5550
1,3730,430
3,3920,5810
4,5400,4150
1,4150,2860
1,3740,7200
19,4720,3650
1,3920,1430
1,1430,7000
1,3950,230
1,230,4430
2,4430,4150
1,5860,1060
1,1060,1000
2,2630,1000
1,3850,3700
1,3920,2020
1,3920,3000
1,3000,350
1,3800,4220
1,3940,120
2,120,910
2,3920,5160
1,3740,3850
3,3950,2540
1,3740,7750
1,7750,3740
2,3950,620
1,3750,4420
1,4420,4250
1,4250,7420
1,3940,5700
1,5700,4250
1,3750,2750
1,3700,3600
2,3600,3920
1,3920,5410
1,3920,2320
1,3730,6000
2,3920,9610
1,3950,4430
2,4430,2340
1,3950,9620
1,3920,5260
1,5260,3920
1,3920,5930
1,3850,5610
1,5610,3800
1,3800,5610
1,3850,8960
1,3920,2340
1,4220,4710
1,4710,4020
2,4020,6240
1,4620,9840
1,3850,3860
1,3860,3850
2,4060,5400
1,6230,3740
4,4110,3920
1,4940,800
1,800,8800
1,8800,5410
2,5410,4600
8,4760,4710
2,4710,4760
1,4710,8140
1,8140,10
2,4740,5310
1,5310,4740
1,5310,2330
1,2330,4740
1,4740,2330
1,2330,5700
1,4750,5620
3,4820,5000
1,5000,4820
3,4740,5400
2,5400,4530
11,4720,310
15,4940,5240
1,5120,3920
1,3920,1100
1,4050,4000
1,4720,2740
7,4940,4050
2,4050,5240
3,4760,8800
1,8800,7150
2,7150,3920
7,4760,8960
1,8960,20
2,4700,7700
2,4940,6260
5,4720,4350
2,4350,4030
18,4720,5260
1,5260,3530
2,4760,710
7,4820,120
1,4850,5000
2,4700,540
1,540,4710
1,4710,860
44,4760,5700
3,4760,230
6,4850,50
42,4720,4020
11,4760,5300
1,5300,4710
3,4720,6600
58,4760,4110
12,4760,2300
1,4760,160
119,4760,4720
5,4740,4720
42,4700,4760
20,4760,5160
2,5160,910
4,4760,2200
49,4720,5620
1,5620,3320
30,4760,4020
5,4700,2630
22,4720,4230
3,4720,4540
1,4540,4600
1,5160,2720
14,4720,2540
4,4760,4960
1,4960,2720
25,4720,4060
1,4060,2750
1,2750,4130
1,4850,7260
1,7260,430
3,4760,5600
1,5600,8530
1,4700,40
2,40,4760
2,4760,40
8,4060,4720
2,4750,5700
1,5700,7000
2,4720,3950
1,4920,420
8,4700,5160
1,5160,800
3,4700,6260
2,4720,3050
11,4220,4720
6,4760,50
1,50,4760
10,4720,8800
4,4220,3600
1,4700,1020
24,4760,3600
3,4850,4700
1,4760,1000
2,4740,4430
2,5400,3950
1,3950,1040
1,1040,4430
1,4430,1040
1,1040,5700
8,4760,3650
7,4220,4600
6,4720,4840
1,4840,540
1,540,910
3,4720,2910
1,4220,910
3,4940,4220
2,2300,5240
2,5240,50
1,50,910
7,4760,4650
2,4650,4760
9,4760,5310
1,5310,2320
2,4920,4760
4,4760,910
1,910,850
2,4850,2630
2,2630,4700
3,4720,9990
4,4820,840
6,4940,5620
1,5620,800
11,4940,4760
5,4760,5000
1,620,120
1,4700,800
2,4760,1530
1,1530,1350
7,4740,5620
1,4850,5840
3,4760,2020
1,4700,220
1,4700,530
6,4850,5700
1,2540,8220
10,4760,5260
6,5700,4110
1,5810,8830
1,8830,5700
3,4720,8710
2,8710,4720
5,4850,4840
5,4840,4760
14,4720,4250
3,4250,4130
2,4760,5540
1,5540,4040
46,4720,4050
2,4050,5120
5,4720,5820
2,5820,4110
3,4720,5310
3,5310,4020
1,4150,4130
2,4130,5620
1,4850,600
1,2850,5700
2,1040,2540
1,2540,2910
1,2910,2010
1,4850,3650
4,4700,520
1,4850,6000
1,6000,6050
3,4760,310
6,4760,4950
9,4950,4760
1,5540,5820
6,4760,1040
1,4650,4110
2,4940,2750
1,2750,4020
3,4020,430
2,4920,4110
12,4720,7750
2,4760,6350
1,5620,7020
1,7020,520
1,520,7150
2,4760,2850
2,2850,4760
3,4700,4020
1,5100,5510
1,4830,4110
1,4110,430
2,4700,7810
4,4700,9990
1,540,850
2,1040,5240
1,2300,3920
18,4760,4840
9,4760,430
2,4940,5310
2,5310,4940
3,4940,3410
1,3410,2040
2,4610,9990
112,4720,4760
1,4760,1410
3,4700,5930
5,4760,5510
1,2540,1040
1,1040,4720
8,4760,3950
3,3950,4760
10,4760,6050
1,6050,2720
2,2720,4350
2,4820,1810
1,1810,5400
19,4720,3920
1,3920,3400
4,4760,2010
7,4720,6420
4,6420,4720
4,4720,2010
11,4760,4050
18,4760,4620
1,4620,4640
1,5610,4850
6,4850,4110
1,4110,4850
1,4850,1400
1,4760,3610
1,4750,7150
1,4720,2330
2,4820,850
1,7200,7130
11,4720,8960
1,4720,1060
1,1060,350
1,350,1060
8,4760,4610
1,4830,20
1,20,4540
1,4540,720
1,720,50
1,50,720
4,4760,2700
1,2700,4760
1,4700,2700
1,2700,2000
1,5400,4430
1,4150,5620
2,5620,4430
4,4430,4760
2,4720,8220
3,7750,4610
1,4610,4030
5,4820,910
1,910,2150
11,4760,3920
1,4940,5320
1,4720,2600
1,4760,5150
3,4850,4800
1,4800,5000
2,4760,5030
3,4760,7010
1,4850,1540
1,4850,3910
11,4940,5400
1,4060,1820
5,4760,8830
1,4150,4950
1,4950,4230
4,4700,120
2,120,430
6,4110,310
3,4700,2540
1,4940,60
1,60,2820
22,4720,4510
1,4510,2540
2,4740,5120
3,4720,5350
1,5350,4720
5,6050,4760
6,4700,5700
3,4110,8960
5,8960,4720
2,4060,2340
2,2340,4150
1,2340,4040
12,4760,4010
1,9610,1000
1,1000,5400
2,4060,4230
1,4720,5360
1,5360,5160
3,4760,7800
1,7800,7840
2,4940,5300
1,5300,4110
3,2300,5700
1,4820,7020
1,4760,410
1,410,430
1,430,120
1,120,950
1,4850,4510
1,4510,4850
17,4700,4110
1,4030,2310
5,4700,5120
9,4760,5610
1,5610,2320
10,4760,2630
1,50,430
5,5120,4760
1,2330,2320
1,4830,530
19,4760,4150
1,5400,2000
1,4760,7020
1,4920,5330
1,4850,3300
7,4940,5700
1,5700,2320
2,4700,1000
1,4050,4120
2,4720,8300
1,4720,6320
4,4920,410
1,5860,4150
3,4760,3500
10,4720,4950
2,4760,2100
1,4920,340
3,4760,8740
2,8740,4760
2,4760,6200
1,4760,7330
18,4760,2720
12,4760,9620
2,4720,3130
2,4720,8140
1,4740,3600
2,3600,4220
16,4700,5000
7,4700,4220
6,4720,6050
3,6050,4250
8,4250,4720
3,4740,5700
1,4720,100
1,100,4110
1,4110,100
1,4750,3400
1,4760,8320
5,4720,4520
2,4760,1550
1,4850,160
16,4720,4940
6,4940,3600
18,4940,4110
1,4110,8100
2,8100,4110
1,8800,1960
1,1960,4030
4,4030,4760
1,4940,6330
9,4940,4020
1,1040,700
1,700,5620
2,5620,1040
1,1040,1010
1,4750,4610
1,4610,3920
3,4760,520
1,520,4950
5,4230,4030
1,4940,2110
1,2110,5810
2,5810,5160
1,5160,4940
1,4940,5160
1,5160,2110
1,5700,830
1,4720,3110
1,4850,5350
1,5350,4840
2,4760,2800
1,4720,530
2,4850,2900
1,4940,4350
2,4720,2320
1,2320,5300
1,5700,5160
8,4760,4850
5,4740,4760
9,4760,4430
1,4430,5240
1,5240,4900
2,4900,5240
1,4700,4400
1,4400,5120
1,5400,2150
1,2150,5400
16,4720,2340
1,5930,2340
4,4700,620
1,620,4700
2,4720,3400
3,4720,5410
2,5410,4110
2,5240,3410
4,4760,4140
1,4250,2540
1,4720,3540
5,4700,3600
1,8800,5400
7,4720,2720
2,4720,3640
1,4720,20
1,5310,5810
1,4920,3400
4,4940,5260
2,5260,4600
1,5240,4620
1,4820,5160
1,5160,2700
2,8960,7950
1,7950,5520
2,5520,4720
3,4760,4350
1,4350,4760
6,4760,5840
10,4760,2310
1,4510,4230
1,4230,5610
2,5610,3600
3,430,4760
3,4760,2740
1,2740,3600
1,4940,3650
15,5400,4720
3,4720,2150
1,5840,2630
1,2630,5620
7,4700,2720
3,4700,2320
19,4700,5240
2,4850,3920
2,4050,3600
1,4720,4530
3,4760,7750
2,4720,5600
1,5600,4040
8,4720,3410
1,4600,3510
1,4740,2340
3,4760,8260
1,4700,730
3,730,4110
10,4760,5120
1,4920,3600
8,4940,4230
1,4230,5160
5,4720,5630
1,5620,3520
1,4720,8200
36,4720,4700
4,4700,3920
3,3920,4760
6,4700,4040
4,4720,1960
2,1960,2200
1,2200,2300
1,2300,4030
2,4030,2300
10,4760,5100
5,4720,2000
4,4720,800
1,4720,4830
1,4830,5850
55,4760,5240
1,6260,7330
1,7330,6220
1,4760,7700
2,4760,8730
1,8730,4760
2,4700,4420
1,4420,230
1,4820,1230
1,5700,3740
1,4940,8220
1,8220,1550
1,1550,4020
1,120,5000
4,4700,310
3,310,4040
1,4040,4530
6,4720,3800
2,4850,2310
7,4720,8740
8,4850,4760
2,4050,2340
1,4940,7010
2,7010,5310
3,4700,910
2,4920,4810
1,4810,60
6,4720,1110
3,4700,2910
1,4850,6700
3,4760,2440
1,2440,530
1,530,3920
1,4110,700
1,700,4110
1,4110,3850
5,4940,4600
1,4850,2300
1,2300,4620
2,4760,9840
1,5620,4640
2,4760,5550
1,5550,3920
1,4700,7140
16,4760,4220
19,4700,4720
1,4740,8740
11,4760,4230
2,4230,2540
4,2540,4230
4,4720,2200
1,2200,2630
1,2630,2850
1,2340,4060
2,4850,20
1,5700,950
1,950,2020
3,1550,5260
3,5260,1550
1,5260,1530
1,1530,5260
3,4020,4940
1,2630,5330
1,5930,2010
1,4840,6200
1,5240,5020
2,4760,5850
3,4700,4000
1,9990,5600
3,4920,5400
8,5240,4700
2,410,4110
1,8300,4110
3,4700,5820
1,5120,4800
3,4940,430
14,4760,2340
1,2340,3320
1,3320,2340
3,2310,2340
1,2340,4810
1,4940,6240
3,5400,4620
1,4250,4060
2,4060,4250
1,5700,4820
8,4760,4130
1,4130,5160
1,4760,7430
6,4760,4000
3,4760,730
21,4720,4150
1,4760,3850
1,4700,2000
2,2000,4760
11,4760,2000
2,2000,5400
25,4050,4720
8,4720,6230
1,6230,5930
1,4850,220
2,6050,5700
1,5700,6050
3,4760,2750
2,2750,4030
1,4030,2750
1,2750,4010
1,4940,5820
1,4940,4640
1,4640,1000
1,4760,500
1,500,4760
3,5620,8740
4,4760,5330
2,5330,5120
2,5120,4430
1,4430,5120
3,4760,3510
1,3510,4110
1,4700,3850
1,3850,2310
4,4760,5520
1,5310,7750
3,7750,4760
2,2340,5930
3,5930,4110
4,5860,4510
2,4510,5860
1,3600,5120
1,4520,4110
4,4740,4230
3,4230,5240
3,4720,4000
1,4000,5400
2,5700,2150
1,2150,2720
1,5240,5260
2,4700,5260
5,4740,4020
1,4700,2860
1,2860,4700
4,4700,4030
2,4760,2320
1,5160,50
1,50,5160
1,4000,4760
1,2000,4020
2,4020,6350
2,4720,8760
2,5930,5000
2,5000,4110
1,4700,5140
1,5140,4350
1,4350,2820
2,4050,4060
2,430,5700
1,4720,5920
1,5920,5820
1,5820,5920
1,4830,60
2,5160,5620
6,4700,430
10,4150,4760
5,4060,4110
2,4760,5110
2,5510,5700
1,5700,5510
8,4700,4710
1,4050,8800
1,1110,6260
1,6260,1110
1,1110,5840
1,4760,2810
2,2810,2850
1,4760,140
1,140,2830
1,2830,2810
1,2810,2830
1,4720,4300
1,5260,2630
2,5620,5360
4,4940,3920
1,3730,3800
2,4220,5400
1,5930,230
2,4760,2820
1,2820,4760
7,4760,4520
1,4520,2140
2,4720,5840
2,5840,4720
2,4920,910
1,910,4920
1,4920,4600
19,4720,9620
1,9620,8250
6,4700,2310
2,5400,2850
1,2850,5400
1,2850,2830
1,5260,6500
1,6500,5620
3,4700,4230
3,4110,8710
9,5860,4760
2,4220,4760
2,5400,4220
1,2720,800
1,4510,5850
1,5850,4510
1,2010,350
1,4850,2340
1,8830,3510
1,3510,5110
1,4760,6250
1,6250,220
1,220,6510
4,4700,4010
1,5110,4030
2,4030,4610
1,4150,5020
3,2720,4700
3,4700,4250
1,4250,4700
1,4760,8810
1,8830,2440
8,4720,4120
2,4760,4120
1,4850,4500
1,3500,2000
1,5100,3600
1,4720,7310
2,4740,3650
1,3650,4740
3,4020,3920
2,4940,8740
1,4760,5900
1,5900,5240
1,4700,4210
1,4210,4700
1,4700,410
1,410,5860
3,4700,5300
1,5120,20
1,4600,4940
1,4940,2000
3,2000,2340
1,2340,2550
1,2550,230
4,4700,1110
1,3510,4610
1,2340,2850
2,4940,4060
3,4060,4010
1,4810,4610
4,4740,4250
1,4250,4600
1,4820,560
2,4700,4950
1,4950,5620
2,5620,4950
1,5400,4710
9,4760,6230
1,4030,8320
1,8320,4230
3,4760,4900
1,4900,4020
31,4940,4720
1,5350,5120
1,5120,4960
1,4960,4600
1,4720,4200
1,4760,6520
2,5400,4510
1,6050,4340
3,4720,4820
1,4820,4720
1,840,910
2,4950,4720
1,5860,4520
2,3920,4130
3,4130,4720
2,4940,6220
1,6220,4540
1,4540,4200
1,2720,2140
1,2140,40
1,40,800
2,4120,4760
1,4760,4640
5,4720,4640
1,4760,700
1,20,4700
7,4720,4430
1,4740,7360
1,3950,1100
1,1100,5160
1,5160,4710
1,3650,4960
2,4960,5700
1,9990,2340
1,4130,5100
1,4760,1810
4,4920,5700
3,4700,50
3,4720,2630
3,2630,4960
2,4960,2630
1,4960,1930
1,1930,2150
3,4720,420
1,20,4760
1,5520,5700
1,5700,1720
2,5300,4760
1,4850,1810
1,4940,3300
3,4720,9640
1,9640,5860
4,4700,7200
1,4230,5100
1,5100,4720
1,4700,420
1,4610,4940
1,4940,4610
5,8740,8960
1,2720,20
1,4110,4350
2,4920,4850
2,4940,9610
11,9610,5620
2,5620,4740
2,4940,4250
2,6230,4110
6,5400,5120
2,4940,850
1,850,2150
1,4020,340
1,340,6230
2,4110,5360
1,5360,4720
3,4760,5320
1,5320,5010
1,5010,2310
1,2310,5410
1,5410,2310
1,4810,3800
2,4760,2910
2,2910,4760
2,4020,6050
1,4760,6400
1,6400,4700
2,5400,620
1,620,1960
1,1960,5930
6,4940,2300
1,4810,1460
5,4850,4710
1,4720,3940
1,5300,2340
1,2820,5000
1,5260,5300
1,4720,5220
2,2700,7510
1,7510,2700
1,7510,4900
1,2010,4760
6,4940,5860
1,4750,6260
1,6260,4750
1,3950,5120
2,4510,5700
1,4010,3240
1,4430,2000
1,4060,5410
3,4700,3800
4,4430,4720
1,2630,5310
1,5310,4250
1,4760,950
1,950,5000
1,4220,8860
1,8860,8960
1,8960,3410
1,3410,4050
3,5260,4760
1,4520,4760
8,4220,4250
1,2300,2540
1,50,2000
1,2000,4840
1,4840,5110
1,5110,2300
4,4760,5410
1,5410,620
3,4050,4020
2,4020,3800
1,2300,4020
12,4760,4940
1,4940,3030
1,3030,5410
1,5510,4760
1,4650,730
2,4920,4710
1,5400,730
1,730,5700
2,4760,8000
1,8000,8650
1,4940,4430
1,2310,4850
1,4850,2320
3,4820,4840
1,4720,4810
1,4810,5000
1,5510,4230
1,5240,4140
2,4110,4960
1,4960,4110
1,4700,4620
1,2540,5240
1,4850,4230
1,4230,1040
1,8730,6260
1,6260,5140
1,4060,5900
1,5900,9990
1,9990,5900
1,2340,4010
2,2720,420
1,420,2720
1,420,3950
1,3950,4960
4,4960,4760
1,4710,7700
1,4760,6710
1,6710,4760
1,4760,7930
1,4850,4750
6,5240,4940
1,4830,2310
1,2310,1960
5,4850,5620
1,4920,7420
3,4940,4620
3,4620,4940
1,2340,5900
1,5900,5220
1,5220,4760
2,4760,5250
3,4700,5860
1,910,20
4,4940,2540
1,4010,730
1,730,4720
1,4850,850
1,4230,2150
2,4760,5800
1,4950,4250
2,4740,4010
1,4720,1810
1,1810,5700
1,4720,7000
1,4760,2760
1,2760,1000
1,1000,7010
1,7010,4700
1,4850,3600
1,4850,5260
5,4760,620
1,620,1530
1,2020,4720
5,4720,2310
2,430,5260
1,5260,4810
1,8960,5810
1,5610,5810
1,4700,2550
1,4850,110
1,5810,3640
1,8300,4140
1,430,4610
1,5700,4610
1,6600,4030
3,4760,9130
25,9130,4760
1,4940,310
2,4720,4550
2,4550,4720
2,4700,5230
1,5400,350
1,910,4810
1,5100,6530
1,6530,5610
6,5610,4760
3,4700,2300
4,4760,4920
1,5700,2300
1,4760,1540
1,1540,4760
1,1040,4040
3,4700,9620
10,9620,4700
1,620,5860
1,5860,4920
1,4820,4850
2,4850,4950
1,4950,5930
1,5930,3920
1,5400,5010
3,4700,4920
3,4760,4800
1,4800,4900
3,4900,5700
1,5310,4900
1,4940,2910
1,3600,8800
2,4760,120
1,4700,5340
2,4700,5510
2,4620,2040
1,2800,4760
1,5930,4510
1,4030,4510
1,5610,5160
1,2750,4940
1,2200,4940
2,4940,2310
1,2630,5120
1,5160,3920
1,5110,4720
1,4750,9810
1,9810,1300
2,5100,4760
1,3650,4230
2,4230,4940
1,4920,5820
1,5620,8810
1,8810,8740
1,1110,1010
1,1010,2200
1,2200,2710
1,1550,4150
1,4850,2720
1,2720,4850
1,3600,2020
1,4850,710
1,4720,2060
2,2060,4720
1,4720,6240
1,6240,5000
1,4700,5130
1,4250,6020
1,4850,4930
3,4750,4760
6,4720,7810
1,7810,4020
2,6050,5240
3,4700,4600
6,2720,4760
1,4140,4540
2,4760,5020
1,5020,5010
9,4720,5300
1,5620,5010
2,2300,4700
1,2300,420
1,2630,4600
1,4820,820
1,4750,5400
1,5400,150
1,5400,5820
3,5820,5400
2,4720,5320
1,5320,4130
1,4130,5320
1,5320,5700
2,9620,4120
1,4120,6510
1,4520,5120
13,4760,4250
2,3950,5260
1,2340,4640
14,4230,4720
1,5140,4600
2,5400,2740
1,2200,4020
1,4220,2200
4,4740,5240
1,5100,5160
1,5160,5110
1,4700,4810
1,4810,2340
2,4700,4150
1,4600,5840
1,4720,1010
1,1010,5400
5,4720,4960
1,4720,1000
4,4720,7200
1,2310,7700
1,7700,4110
1,2300,430
1,6230,6600
3,5620,5000
1,2320,2200
2,5240,6260
4,6260,5620
1,4720,5800
1,4940,7700
1,5000,4840
2,4840,4940
2,4700,5520
1,5520,4030
1,4030,5010
1,5010,3650
1,4110,7750
1,5240,2740
2,2740,4720
2,4950,4110
2,4760,5230
1,5230,4760
1,6050,5860
2,1110,4720
1,4700,5020
2,4700,5100
1,5100,5230
1,4720,840
1,840,5200
1,4720,3320
1,4700,5200
1,4760,5220
1,620,4650
2,4650,5400
1,1040,710
1,5350,5020
1,5020,5400
1,4920,850
1,850,4920
1,4920,5100
1,5100,50
2,4700,4900
2,4900,4760
1,420,4920
1,4140,2720
5,4850,5240
1,4760,2710
2,2710,4760
1,2700,4430
1,4430,500
3,4920,5000
1,4820,4620
1,4620,710
1,710,2720
1,2720,4810
1,4810,9840
2,4760,8760
3,4130,4250
1,4250,8220
1,8220,8740
1,5240,150
1,150,5400
4,4940,5100
1,8220,4020
2,5700,4150
4,4700,5620
1,8000,8010
1,2010,5930
1,4030,2340
2,4720,730
1,730,2200
4,4720,9130
2,9130,4210
1,4210,9130
2,4720,2920
1,4030,4700
1,4720,2800
1,2800,5300
2,4700,5350
1,2000,5840
3,6230,8960
2,4020,940
1,940,6260
1,4700,7010
2,5240,2820
1,5260,4700
1,4700,3640
1,4760,3910
1,1960,2340
1,2340,430
1,430,2040
1,2040,430
1,430,2000
10,4700,5400
6,4720,4740
1,4740,2440
1,2440,2430
1,2430,2440
2,2440,5400
1,2200,430
1,4720,4900
1,2630,5240
1,4720,4400
1,4400,330
1,330,7010
1,4720,1860
1,1860,5700
1,3410,2860
1,5160,5540
2,4700,2020
1,2020,5930
1,4920,5340
1,5000,7010
2,5160,4600
2,4220,2750
1,4850,5120
2,4720,8830
1,4940,530
1,3650,5810
4,5810,4720
2,4760,4750
3,4760,7200
2,4760,8250
1,8250,5300
1,4230,5620
1,4700,8350
1,8350,4200
1,5350,4760
1,5360,5620
1,5360,4760
1,4760,5360
1,430,5340
1,4520,4030
2,4600,5100
5,4720,5900
1,5900,4700
1,4850,5330
1,4250,4740
1,4740,3740
1,3740,5860
1,2010,5400
2,6260,7020
1,4700,2850
1,2850,5930
1,5930,2850
1,2310,2300
1,2300,5510
1,4940,5010
1,1960,4940
2,5810,4030
1,4150,8960
1,4760,2830
2,8800,5610
4,4760,3630
3,3630,4760
1,4230,4520
1,4520,4230
2,4940,1040
2,1040,5620
1,2340,5410
1,5410,430
1,430,5410
1,4750,7330
1,7330,5610
1,4840,5620
1,4720,2840
1,5810,4850
1,4850,5810
1,4760,7620
1,7620,2600
1,2600,7620
1,4720,7620
1,4750,4220
2,4220,4750
1,4050,4600
1,4230,5810
4,4760,3130
1,4920,5300
2,4960,4720
1,2720,5630
1,5630,4130
1,4130,5630
1,5630,2720
1,4650,4720
2,4720,4650
1,4220,8760
1,4700,2040
1,2920,6420
1,4740,4150
1,4150,4020
1,520,5930
5,5930,4720
2,5320,4760
1,4720,3030
1,3030,4720
2,2340,3030
1,3030,2340
1,3030,5240
1,4520,4700
1,4920,2140
1,2140,4920
1,5000,520
1,5240,4150
1,4150,5130
1,5130,5140
1,5140,520
1,4030,6600
5,4760,6260
3,4720,7800
1,7800,2540
1,4110,1550
1,1550,4110
1,4220,5700
1,3920,5140
1,4700,7940
1,5240,4800
1,4800,5700
1,5700,5310
1,5400,410
1,410,4920
1,4700,4650
1,4650,5120
3,5400,5810
1,2150,5000
1,6260,5810
1,5810,2720
1,2720,8740
1,8740,2720
1,4820,5930
1,5810,3530
1,3530,430
1,430,3530
1,3530,5810
1,4760,340
1,340,4430
3,4700,7840
1,4020,730
1,730,5920
2,4700,5330
1,4430,4040
3,4700,6200
1,4150,4510
1,5810,5840
1,3600,4950
1,4720,5540
1,5540,4720
1,2910,4050
4,4050,4760
2,4720,5250
2,5260,5840
1,4920,1560
2,5510,4720
4,4940,4010
2,4920,2910
2,2910,9620
1,4010,120
1,120,3920
1,5840,4110
2,5620,4710
1,2910,5860
7,4250,4760
1,4720,350
1,350,3600
1,5100,1230
1,1230,5100
1,4760,6760
1,4700,8030
3,4850,5930
1,5930,5850
1,5850,5860
1,4820,130
1,4940,3620
1,3620,4620
2,4620,5820
1,5820,4940
2,4940,4950
1,4950,2200
1,2200,5810
1,5300,4740
3,4740,4110
1,5600,4760
3,4700,3650
3,6050,3600
4,4700,4840
1,4700,4740
2,4850,5400
3,5400,4700
4,4850,7750
1,7750,4850
1,7750,8910
1,8910,4110
1,4920,40
1,40,60
2,4020,4530
2,5240,4030
1,5400,8800
3,4230,4020
1,6260,400
1,8250,4600
1,5020,5860
1,4010,5840
4,9620,5850
1,5850,9620
1,5700,5810
2,4940,4700
1,4020,800
1,4740,540
1,120,5700
2,4710,7200
1,7200,7120
1,5620,4150
1,4720,1300
1,4110,3800
1,3410,4720
4,4760,4420
5,4420,4720
1,4840,4710
1,4710,4600
1,5330,4110
4,4700,5810
3,4030,5120
4,5120,4600
1,4010,8320
1,8320,4760
1,4920,1540
3,4130,4760
2,8710,4110
2,4120,4130
1,4020,5860
1,4050,6320
2,4760,5930
1,5930,2630
6,9620,5860
1,5220,4720
1,5400,4460
1,4460,4110
1,4250,6600
1,5700,4800
1,4800,5410
1,4740,6230
1,6250,6230
2,4940,5810
1,4010,3400
2,4760,4820
1,4820,50
1,4920,5240
5,4760,800
4,800,4760
1,4940,7020
1,5700,5110
1,5110,4600
1,4850,5560
1,5560,4850
6,4760,4040
1,4040,2840
1,2840,5600
2,2700,4940
1,4940,2700
1,4700,3520
1,3520,5400
1,5400,3520
1,8960,3300
3,4760,6240
1,6240,7200
1,4700,5840
2,4760,6600
1,5630,4220
2,5400,4940
4,4720,4420
1,4760,7000
1,4850,5520
1,5520,1550
1,4740,4130
1,4130,5240
1,4110,520
1,520,5240
3,4720,620
1,620,5620
1,3650,4600
1,5620,310
1,4760,7420
2,4020,2720
1,2720,4020
1,4030,5620
1,4940,6520
1,9620,3910
1,6420,4700
5,4760,9990
2,9990,4950
1,4950,9990
1,4430,7010
1,7010,5260
1,4620,7010
3,4940,4840
2,5100,4700
1,4760,6730
1,6730,6260
1,5620,5120
1,2300,4150
1,4700,3410
1,3410,4700
4,4110,5100
2,5100,4110
1,2540,3800
1,9990,430
1,5400,710
1,710,5400
1,5400,2910
1,2910,1020
4,4760,6420
1,6420,410
1,4720,7120
1,4040,5700
1,5120,6730
1,6730,2630
1,2630,6730
1,5260,4220
1,800,4720
2,5410,4030
1,4030,4430
3,4430,4110
1,5810,3130
1,5120,4220
2,4010,7750
1,4720,7260
1,7260,7750
2,5260,620
1,620,4940
1,4110,8650
1,8650,4110
1,4650,2310
1,2310,4650
1,4740,8960
1,8960,6200
1,6200,4950
1,4760,2900
1,2900,2040
1,2040,3920
1,8740,3850
1,3850,5700
2,4740,5260
2,5260,4740
1,3130,5160
1,4140,4760
1,5400,1040
1,5700,100
1,4430,4620
1,4050,310
1,310,6400
4,4760,5820
1,5820,2320
1,4700,9640
1,2540,5840
2,2340,4940
1,5860,5140
1,3600,7700
1,4940,8230
1,4250,8710
2,8710,8960
1,8710,8740
1,4620,720
1,720,8610
1,4850,2100
1,4700,2200
1,2200,1810
1,1810,500
1,500,1810
1,1810,4900
1,4740,4820
1,4710,5600
1,4750,6200
1,6200,7340
2,4760,5350
1,5350,4510
1,2310,730
2,4220,4610
1,4620,8310
1,8310,3920
1,3920,8300
1,4720,2430
1,2430,4900
1,4900,4720
1,5860,4040
1,4740,7240
1,4740,5410
1,5410,5700
2,4700,4510
1,4950,5300
1,4760,3800
1,4150,4650
1,5000,3400
1,5810,7850
1,8830,4760
1,3600,5400
1,4620,2830
1,430,4250
4,4700,8740
1,4720,8420
1,8420,8410
1,5410,730
1,5300,3410
1,5330,3510
1,4610,5260
1,3600,620
2,4020,4740
1,4020,8460
4,5610,4720
2,9620,8500
1,4720,3210
1,3210,2540
1,2540,3210
1,4720,540
1,540,5260
1,2750,4600
1,4600,2750
1,2750,5860
1,5700,4840
1,2540,3950
1,4430,5860
1,5810,20
4,4760,1010
1,1010,5620
1,5600,4600
2,4600,8740
1,7800,4020
2,4950,7750
1,4700,2740
2,4720,910
16,9620,6050
1,6050,8710
1,4750,7810
1,7810,7750
4,5700,4940
1,4940,4810
1,4750,4850
1,4850,8650
1,4940,6250
1,4840,4720
1,4720,2710
1,2900,3130
1,3130,2900
1,5510,4700
4,4110,4940
1,5900,4720
1,4850,840
1,4700,8140
1,4720,3300
1,3300,3600
1,4820,5840
1,8760,8640
1,4760,8140
1,4220,7960
1,7960,7750
1,4150,4230
1,4230,4150
1,2340,540
1,540,2010
1,4750,8200
4,4040,4760
2,4950,4700
1,4150,4920
1,4940,4960
1,5120,4740
4,4020,8960
3,4700,4610
1,4040,2740
1,2740,5100
2,4720,8250
1,4750,8800
2,6260,8710
1,8710,6250
1,6250,3920
1,310,4000
2,4850,3410
1,3410,4850
1,4850,410
2,4850,5600
3,4760,8300
1,4760,860
4,4720,7700
2,4420,4600
1,4600,4420
2,4610,4760
1,4700,1010
1,4940,8900
1,8900,4940
1,4940,4650
1,4650,6230
3,2340,5260
2,230,4760
1,8300,6050
1,6050,7750
2,7750,4700
1,4110,4920
1,4110,5540
1,5540,5400
1,5320,5930
1,4940,4540
3,4050,4230
1,4050,1110
1,1110,5900
1,4760,3640
1,520,4600
1,5400,6440
1,4920,710
1,710,5240
1,520,4760
1,4110,20
2,4720,5420
1,4700,110
1,4230,430
3,5620,5810
1,3650,4350
1,4720,340
1,2540,5360
2,5300,5260
2,4700,5410
2,4760,3520
1,5240,2010
1,4700,9130
1,4720,2020
1,2020,4760
1,4920,2820
1,4600,2810
1,2810,4620
1,4750,4430
1,4430,2540
1,2540,4430
1,5240,6350
1,4700,4850
1,4760,1360
1,2910,4600
1,4850,4620
1,4720,2140
1,4820,4500
1,4500,6660
1,6660,4500
1,1040,4760
2,2630,4760
2,4850,6420
4,6420,4760
2,4760,3240
1,4940,4420
1,4030,1960
1,1960,430
1,4760,5420
1,5420,4760
1,4760,5920
1,4850,4940
2,4230,4120
1,4850,310
3,4940,4030
1,430,3650
1,4920,5110
1,4230,4050
1,4420,4760
1,5620,6240
1,4720,8930
1,8930,4720
1,1010,6260
1,4740,2200
1,4920,2020
1,2310,5700
1,7840,6420
2,4760,5010
1,5240,4510
3,5700,5620
2,7810,4110
1,4940,5360
1,5120,2150
6,4940,4510
2,4510,4940
1,4700,2900
1,2900,5240
2,5240,2430
1,2430,5240
1,4940,620
2,620,4760
1,4740,2000
1,2000,4640
1,4220,2540
1,4700,4350
1,4350,4720
1,4940,5420
1,5420,350
2,4850,620
1,620,4850
4,5620,5400
1,4020,4900
1,2720,2150
1,2150,5620
1,5620,4120
1,4120,1010
1,1010,4760
1,5700,700
1,700,4710
1,4130,4850
1,4850,7310
1,7310,4760
1,4600,4700
1,2340,2430
1,2430,2340
1,2340,2440
1,2440,4700
2,2200,1610
1,1610,2200
1,4760,7150
1,7150,4600
1,4940,4040
1,4760,3710
2,1550,4720
1,5160,5610
1,5610,6050
2,4110,8830
1,4760,9830
1,420,4760
1,2540,3600
1,5000,5810
1,4850,3950
1,5120,2320
1,9990,7750
2,4230,4220
1,5310,2540
1,410,1000
1,1000,850
3,4850,520
1,4720,2900
1,4850,800
1,4600,4610
1,4700,500
1,4640,4720
1,4760,7740
2,4960,5240
1,8800,5130
1,5130,4720
1,4720,2040
1,2040,5620
2,5620,2040
3,4760,4740
2,6260,8740
1,4110,850
1,4620,6230
1,50,4850
1,1110,2740
1,2740,1110
1,4700,5550
2,5000,4760
1,4740,1310
1,4040,4220
1,2750,2700
1,4850,1110
1,4050,5820
1,5820,4230
2,3130,4760
1,4720,7720
1,4760,8230
1,8230,2830
1,2830,4130
2,4940,5350
1,5350,4020
1,5400,5100
2,4720,3630
1,840,830
1,4760,20
1,20,220
1,4830,4960
1,4960,5600
1,5600,4960
1,4960,230
1,5700,5850
1,5850,5400
1,3410,5700
1,5700,1550
1,1550,3410
1,4040,4130
1,4920,4900
1,4830,5240
1,5700,5020
1,5020,4940
1,4720,3850
1,4150,5820
2,5820,4760
2,7750,3920
1,4760,4670
1,4670,1300
1,730,3600
1,2300,3410
1,310,3640
1,4840,5600
1,4850,7220
1,7220,4110
1,4110,4840
1,2740,4760
2,4220,4700
3,5310,4720
4,9620,8300
1,8300,6400
1,2540,1960
1,1960,4620
1,4620,1960
1,4760,7950
1,4110,6350
1,6350,4110
3,2000,3600
1,4710,5610
1,5610,5020
1,4850,4020
1,4020,2740
1,4020,8000
1,4720,410
1,410,4740
1,4720,4500
1,5850,3600
1,4700,9610
1,8960,4940
1,7810,4510
1,4850,5160
2,5810,3920
1,3240,310
1,310,3130
1,3130,2000
1,4850,4030
2,5260,5860
1,5860,4130
2,5600,4130
3,4000,4700
1,4820,7700
1,5930,5530
1,4600,5020
1,5620,520
1,520,6260
2,4430,7750
1,430,4700
1,4700,4960
1,4920,620
2,4700,5610
1,2010,5250
1,5820,2010
1,2300,3050
1,4720,6040
1,6040,4020
1,4020,8800
1,4710,4700
1,4820,810
1,4230,2630
1,2630,4720
1,800,5930
1,4700,4430
1,4760,3620
1,3620,4700
1,4850,9810
1,2720,6350
1,4760,1800
2,5620,4130
1,4050,5510
1,5510,4010
1,4030,1360
1,1360,6350
1,5240,1410
3,5610,8960
1,4510,160
1,4060,6230
1,5240,5520
1,5160,4620
1,4620,4020
1,4420,5260
1,5260,2540
2,2300,4110
1,5810,4700
1,5240,4040
1,4820,5860
1,4040,2000
1,2320,4720
1,2320,2540
1,2540,3010
1,3010,2540
1,520,2310
1,4920,5610
1,5610,5400
1,4700,5600
1,5600,5160
1,5160,8740
1,910,5240
1,4740,4840
2,5610,4250
2,2740,4110
1,5400,520
1,520,5400
2,2310,2330
1,4920,5860
1,5620,5860
1,4030,7750
1,5620,4820
2,4820,4700
2,4420,2750
1,4760,3250
1,1530,7220
2,3920,5100
1,4350,200
1,4700,3630
1,4850,4810
1,4810,4510
1,4920,5930
1,5930,430
1,4720,9840
1,9840,6510
2,6510,6660
1,6660,6510
2,2340,4760
1,4740,6050
1,4510,5410
1,4940,5410
1,7750,4940
1,620,6230
1,4740,7620
1,4150,5900
1,5900,4110
1,2300,230
2,230,5700
1,910,1110
1,1110,2000
1,5620,2900
1,2900,4530
1,4700,10
1,4760,4200
3,4720,1020
1,1020,8960
1,4250,3300
4,4030,4600
1,5420,3950
1,5860,4940
1,5860,4120
2,4720,4850
2,4940,4130
1,4710,5700
1,6420,4140
1,4140,5240
1,6420,5160
1,4110,8800
1,4760,6120
1,6120,3740
1,4940,3130
1,4760,3530
1,4600,5350
1,5350,310
1,3600,430
1,4850,4900
1,4900,4740
1,4700,6350
1,5100,4940
1,7010,4760
1,6230,4140
1,4140,6230
1,6230,4640
3,9620,7260
1,4940,6420
2,4510,4050
1,4010,4510
1,4510,4620
2,4840,4850
1,2830,4040
1,4600,4960
1,2000,230
1,4740,4620
1,4620,4010
1,4700,7950
3,4760,4540
3,4540,4760
1,4540,4720
2,5860,5510
1,5510,8960
1,8960,5510
1,5510,5860
1,8250,7010
1,4820,4710
2,5240,4250
1,4700,160
1,5400,5610
1,5610,2020
2,5810,4940
1,840,120
1,5160,3910
1,4940,5120
1,5120,5860
1,4850,2540
1,5400,2700
1,2700,5860
1,5860,4650
1,4650,5860
1,4250,6350
1,6350,4250
1,5930,2600
1,3600,4700
1,2310,4760
1,5030,5330
1,5330,120
3,4230,8960
1,8960,8860
1,4000,4940
1,4940,710
1,4740,430
1,430,1560
1,4760,6660
1,6660,4760
1,3530,3630
1,6050,6220
1,6220,4220
1,6050,4220
1,4220,1540
1,4720,5150
2,5400,4740
1,8960,8760
1,4920,430
1,5860,2600
1,2600,5860
1,2750,3920
1,3920,4120
1,4120,2750
1,2750,5400
1,5400,2750
1,3650,4030
1,4720,4800
3,4720,7610
1,4740,4050
1,4760,3320
1,2200,2340
1,5700,7010
1,7010,4600
2,6260,4040
1,4940,8960
1,8960,4760
1,4920,230
1,4710,4850
1,4130,4030
1,4030,5810
1,5120,4050
2,5620,8960
1,8960,4140
1,4140,3600
1,5930,6230
1,4940,5900
1,5900,4600
1,5600,9990
1,9990,5240
1,4030,9840
1,4510,5400
2,4250,3920
2,3920,7750
1,4600,3620
1,3620,3630
1,3630,3620
1,3620,7700
1,4700,1100
2,4760,8540
1,8540,2600
1,2600,2760
1,2760,2600
1,2600,4030
1,5160,2850
2,4720,7330
1,7330,2720
2,2720,5240
1,4820,5240
1,6230,4960
1,4960,4810
2,4050,4430
1,4700,4500
1,4500,4700
1,4760,7120
1,5250,3820
1,4000,310
1,4820,4810
1,4940,7330
1,7330,4020
1,3920,9990
1,9990,7310
1,7310,7330
1,2540,4850
1,4700,4050
1,4510,4120
1,4120,5260
2,3920,4700
2,5600,4700
1,2720,6420
1,4760,3400
1,5310,4700
1,4940,4120
2,4120,8960
1,4760,8100
1,8100,4760
1,5810,4960
1,4960,4150
1,4150,4960
1,4960,9990
1,4760,7550
1,4760,8350
1,4700,3510
1,230,2140
1,2140,4640
1,4700,8320
1,8320,850
1,850,5850
1,5850,8320
1,4940,8250
1,4830,3650
1,5240,6200
2,5810,4600
2,9990,4720
1,2910,4700
1,4720,7320
1,7320,1350
1,1350,1530
1,4020,5140
1,20,4000
2,4720,120
1,6260,6730
1,4940,3060
1,3060,4700
1,2310,5240
1,4760,3730
1,4210,6230
1,4720,8810
1,4110,8310
1,8310,4040
1,5620,5520
1,5520,8740
1,5540,4760
1,4020,5540
1,5540,5800
1,20,4010
1,5240,4010
1,4850,6240
6,4020,5240
1,4940,7750
1,4700,4060
1,4700,2440
1,2440,4760
1,3410,4620
1,9030,6350
2,6350,7200
1,9150,20
1,9420,6320
4,9620,6240
4,9610,4140
3,9140,4030
1,9720,2010
18,9130,4720
7,9640,4020
4,9620,7010
1,4020,3950
2,3950,4020
2,4020,1110
2,9130,1000
3,9720,4720
7,9130,310
13,9620,4600
1,9120,7210
2,9610,7020
1,7020,850
1,850,6200
1,6200,310
4,9130,50
8,9620,4430
2,4430,6260
1,9620,2010
16,9130,5620
2,9350,4020
1,5240,4550
5,9640,4110
1,4110,8630
1,8630,7810
10,9620,430
3,430,9620
1,430,9130
3,9130,430
4,9620,4350
1,4350,4320
1,4720,4320
16,9620,8800
41,9620,4760
1,9640,6040
1,6040,7700
74,9620,4720
3,9620,6320
1,6320,4130
1,4110,7620
2,9360,4110
1,4110,2800
1,2800,4110
5,9640,4140
3,9620,5100
1,9130,4150
1,9600,2000
1,2000,100
7,9130,9610
2,9610,6200
1,9130,100
2,9130,4710
1,9620,8900
1,4020,6360
2,9610,4610
1,9610,2010
19,9620,6230
5,6230,9620
2,9620,220
8,9600,5620
10,9640,4760
4,4760,9640
2,9350,4760
1,9640,2910
1,2910,1000
4,9620,310
1,9140,8960
1,8960,5600
11,9620,4140
1,9610,7260
1,7260,4010
1,4010,9610
18,9610,9620
5,9620,7200
3,4110,9620
3,9620,2310
7,9640,7750
9,9130,4220
2,9610,7010
1,7010,5510
1,5510,310
2,9620,1550
1,1550,1010
1,1010,1040
2,5810,5620
27,9620,3920
12,9620,4230
1,9130,3740
8,9620,4010
1,4010,5560
11,9130,3920
1,3920,7410
5,9620,7620
12,9130,4250
1,4250,7150
4,9600,6420
1,6420,6130
1,6130,6600
6,4220,5620
1,5620,150
12,9640,8960
1,8800,4250
13,9620,4940
5,9130,4140
1,4140,4840
1,4850,4220
1,9120,3650
3,9620,2900
1,2900,1550
1,1550,4250
1,4250,1550
2,9620,6940
1,6940,4430
1,4430,7220
1,6260,5100
1,5100,6200
2,9620,7420
1,7420,4050
8,9130,5240
1,9640,8810
1,8810,4760
4,9620,5810
1,420,9620
1,9600,1960
1,9360,8830
1,4720,510
10,9610,4250
1,4720,8260
4,9000,4720
4,9000,430
1,810,3920
1,9750,4760
1,5610,5850
1,6260,7620
7,9640,9620
4,9350,4220
5,9130,8740
10,9640,4230
1,9630,8410
8,9620,8140
1,8140,8740
1,3600,8810
1,8810,8960
3,9140,4020
3,4020,4060
68,9620,5620
4,9610,4130
2,9610,2920
1,9130,2060
1,2060,6420
1,6420,2060
16,9620,5610
1,3920,4050
1,4720,520
2,9640,4610
1,4610,8960
1,4220,500
2,9140,3600
5,9130,5510
1,9750,5860
2,9620,8320
52,9620,4250
2,9620,8540
1,8740,7310
1,5610,6200
1,6200,7620
1,7620,4240
1,9360,3210
1,3210,5240
1,5240,3210
1,3210,4600
4,9640,4030
8,9610,8960
7,9610,5240
1,5240,4060
4,9130,5810
1,9630,6420
1,6420,7310
1,4110,7010
1,9350,2720
6,9130,6420
1,2340,1010
1,1010,2340
1,1020,4720
6,4220,9620
15,9620,7750
3,7750,9620
1,9610,1560
3,7620,5620
1,5620,7700
1,9640,9990
3,9620,8040
1,8040,8960
1,8960,4060
1,4060,4020
1,9130,7950
1,7950,9610
4,9610,8220
2,9640,2540
1,5610,5240
1,9610,6350
2,9620,500
5,9360,7200
25,9640,4720
25,9130,6260
9,9620,5400
4,5400,9620
6,9620,2720
7,9620,4620
1,9360,5700
1,9510,7960
1,9640,1910
1,5620,4650
1,4650,4520
8,9640,4600
15,9610,6260
1,9000,160
3,9600,7700
1,8740,1550
3,9130,4050
1,4050,4040
2,9350,5240
2,9150,3920
4,9000,20
1,20,430
8,9620,4610
2,3600,9620
5,9620,5160
1,9360,2040
6,9130,5610
1,9350,8810
1,4020,1560
2,9610,8240
1,9620,120
1,120,800
1,800,430
1,9130,5260
1,4740,5110
1,5110,4120
1,4140,7800
1,7800,8740
4,9130,4600
2,9130,4810
1,4810,5120
1,5120,2340
3,9140,5240
1,9600,3850
3,9620,4960
1,9720,7700
5,9620,4130
8,9130,4850
1,4850,5410
1,5410,4050
1,9610,2000
2,9620,1960
4,9000,5000
5,9620,7720
1,7720,4760
3,9600,4020
2,9620,7210
1,4650,5160
1,5160,4650
2,9620,3320
2,6230,4020
1,9130,7220
1,9620,710
1,710,9620
1,4010,8740
22,9620,9130
2,9350,4110
1,4110,4530
1,4530,4150
1,7750,2540
1,5620,410
3,9130,6510
1,9150,3300
1,3300,4720
1,9610,8300
1,4430,730
1,9420,7140
1,9130,1110
1,1110,7020
1,7020,1110
1,1110,1040
3,9140,4220
2,9000,7210
5,9600,4700
6,9620,7810
2,7810,4700
1,2310,4720
1,9620,2850
1,2850,5850
1,5850,2850
1,9650,6260
1,9350,4800
1,4800,9350
3,9620,7700
2,9640,5260
1,9620,2860
5,9620,4150
1,2340,2740
1,2740,5620
1,4110,2740
1,2740,2720
1,9620,110
3,9610,4700
1,9620,1100
1,1100,1060
1,1060,1020
1,9620,5300
1,6320,4140
1,4140,6440
1,9620,200
3,9610,6940
1,9360,5300
2,5610,4610
1,4610,5610
1,4700,8300
1,8300,4700
1,5240,4320
4,9610,6420
1,6420,5240
1,4220,3940
1,3940,4720
3,9600,8220
3,9640,5610
8,9130,8960
2,9000,4700
2,9130,8220
9,9610,9130
5,9600,8960
10,9610,4760
1,4020,2910
1,2910,4220
12,9620,9600
1,9620,350
1,4940,9640
5,9640,4940
3,4940,9620
2,9350,4720
1,9620,7320
2,9640,8740
3,9620,9720
3,9620,800
1,800,4600
8,9610,4220
15,9620,4050
1,4050,930
1,930,4150
1,4150,5930
1,5510,910
1,9120,4060
6,9130,2340
2,2340,9130
1,2340,6440
13,9640,5620
2,9620,2000
2,9610,430
1,5700,4050
1,4050,5160
2,9350,5300
2,9120,2300
3,9360,4030
1,9130,7410
1,7410,6320
2,9120,4220
1,4220,9120
2,9600,5100
2,9130,7010
1,7010,7040
1,7040,1110
1,5160,5020
1,5020,1540
1,9620,8850
1,8850,6320
1,6320,7350
1,430,2750
1,5400,7140
3,9620,4640
3,9620,3410
1,9720,4140
1,9620,8420
1,9610,3950
1,3950,710
8,9620,8220
3,8220,9620
12,9620,8740
1,8740,5930
1,5930,9620
2,9620,5800
1,5800,5350
1,5350,8260
1,7750,8800
1,8800,2750
3,2750,4720
3,9130,5700
3,9640,4060
1,9120,3950
1,3950,9120
1,9360,6510
2,6510,4050
1,4050,4140
1,9640,1040
1,1040,8740
17,9620,4030
3,9620,9360
1,9360,2340
2,2340,1550
2,1550,2340
1,7210,4750
5,9640,4250
1,9350,3410
1,9640,8720
2,9610,710
1,710,10
1,10,710
1,710,7700
1,7700,9610
1,9610,7700
1,4720,6250
2,9000,6230
1,9130,1350
1,1350,4030
3,4030,310
1,4060,2740
1,5240,4000
7,9620,6520
4,6520,9620
1,9130,5320
1,4430,2310
3,9350,5620
1,8800,8720
1,9120,6420
3,9000,9130
2,9630,3600
1,9130,6240
14,9130,4110
1,9620,860
1,860,120
18,9620,9610
1,9610,2760
1,2760,8300
1,8300,5510
2,9130,4350
1,4350,4110
1,9610,3250
2,9130,160
3,9640,5400
1,4150,7840
1,7840,5160
1,9610,6040
1,9610,2810
1,9410,3920
2,9620,1010
1,1010,1020
1,1020,1010
1,6420,6660
1,6660,6420
5,9610,6440
12,9640,4220
2,4220,9640
1,9610,7150
1,6230,7150
1,430,4020
1,6520,4720
12,9610,4720
5,9130,6600
1,6600,4110
1,4600,6260
1,6260,5860
3,5860,9620
4,9640,5240
2,9600,8810
2,9610,5610
2,9120,6260
1,6260,4640
2,9600,3630
1,3630,9600
6,9130,6320
9,9610,7750
1,4250,7550
1,7550,3920
1,9130,3540
1,3540,3850
1,9130,2540
1,2540,3650
1,9120,1810
1,1810,4920
1,9150,6350
1,9610,6520
1,6520,8960
2,9150,4610
13,4250,9620
1,9610,7210
1,9620,4740
4,9620,4420
1,2750,4410
1,4410,2750
1,2750,2340
1,2340,2900
2,2900,9620
1,6260,3650
1,4940,7560
1,9120,7750
1,4950,120
1,9520,430
1,430,7150
2,7150,6320
2,9640,3920
1,9360,7210
2,9120,3920
1,9600,4140
2,4140,6260
5,9620,8030
1,8030,6260
10,9620,9640
1,3600,6240
1,8960,2830
1,2830,3650
6,4110,9130
1,9130,8320
1,8320,4700
5,9620,5310
2,5620,9130
5,9130,3600
3,9620,3800
2,9140,4230
1,4230,3650
2,4140,9610
2,2720,4430
1,4430,4540
3,9130,4950
1,5620,3740
1,3740,5240
2,9130,4230
1,9620,3520
1,9640,7120
2,9410,3600
3,9130,3950
1,3950,2200
2,2200,1560
1,1560,2200
1,1560,3950
1,3950,8720
1,9620,6760
1,9610,8740
1,8740,6330
4,9520,6320
2,9610,6230
1,6230,9610
1,9610,1530
2,9620,7020
2,9130,4750
1,4750,4710
1,4710,4750
1,4050,6510
2,9600,4610
1,6260,8040
2,9620,9990
1,9990,4420
1,4420,2760
1,9510,9000
1,9030,4540
1,4540,9030
2,4220,4140
1,9640,8400
1,8400,4020
2,9610,4940
2,4840,4950
1,4950,4020
1,4020,4500
4,9130,7150
1,4020,7120
1,7120,4720
1,9600,8720
1,6940,4940
1,4940,7200
3,9640,5700
1,9620,3900
1,5240,8140
3,4250,9610
1,9610,8200
1,9130,5530
2,6260,8030
2,9610,4600
1,9510,9600
2,9620,3740
17,9620,8960
1,9120,4020
2,9130,6760
1,6760,6510
1,4940,2020
1,2020,3600
1,9130,4120
1,4120,9130
1,4110,1000
1,1000,8250
1,8250,1020
9,9620,3600
5,4430,9620
1,9410,5550
1,500,710
1,710,4700
2,9000,9620
1,9130,9000
1,9620,7220
1,7220,8800
1,9360,800
1,800,1040
6,9600,4720
1,2720,4650
1,2340,2150
15,9610,4020
1,6230,4050
1,4060,4140
1,9200,6440
1,6320,4760
1,6260,2340
1,9350,2310
1,2310,4800
1,4800,4010
1,4010,1020
1,1020,4050
4,9620,5600
1,9600,4200
2,9130,8030
1,9620,2820
1,2820,2550
1,2550,1860
1,9120,4250
1,4250,9120
1,6260,6400
1,9640,6350
1,6350,5240
1,4250,4050
1,7020,7320
1,7320,4060
1,9620,3400
1,3400,2000
6,9620,5700
2,2150,5860
1,5860,2150
2,9130,5310
1,9000,5810
1,5240,2800
1,2800,4050
3,9610,9990
1,9990,5620
2,5620,1000
1,1000,4210
2,9630,4720
1,9560,8740
4,9620,4750
1,4750,9130
1,9640,800
1,800,1220
3,9130,5300
1,5300,4230
23,9130,9620
1,9600,4810
6,9130,7750
1,7750,2440
1,5860,4850
5,9360,4020
1,9410,7220
1,7220,7140
1,2720,5020
1,5020,9350
1,9350,7200
1,9300,2310
1,2310,2600
1,2600,2310
3,9640,6420
3,9130,2720
1,7340,6230
1,7150,9130
1,8140,5610
1,5610,5000
1,5000,9620
2,9120,4610
1,4610,2850
1,2850,4030
1,4030,2320
3,9620,4500
1,4500,4200
1,4200,4500
2,9140,4250
3,9130,8300
1,8300,220
2,220,4110
1,4110,220
1,4110,1310
2,6260,4130
6,9620,5260
1,5260,9620
4,4220,9130
1,3740,4110
1,3740,5400
1,5120,3740
2,9620,2320
1,4840,800
1,800,230
1,6260,5530
1,5530,5620
1,5620,8220
1,8220,4110
7,9360,4760
2,9600,7620
2,7620,8740
2,9130,8950
1,8950,4700
1,9520,7420
6,9610,7200
9,9600,9130
1,9620,2300
5,9360,4720
1,9640,4700
1,9420,4530
1,4530,5240
2,8960,8260
1,9120,6350
1,4720,6520
1,8960,3800
1,4250,5000
1,9130,8710
1,9600,8100
7,9130,6230
6,9130,5400
1,5400,9130
1,7810,7700
2,9620,9120
1,9640,5160
1,4600,7020
1,7020,5240
1,9000,5630
1,9350,4840
1,9600,7510
1,7510,7930
1,5610,2300
1,2300,6600
5,6600,6260
1,9620,2740
1,2740,9990
1,9990,2740
1,9610,410
2,9620,1040
1,1040,5310
1,9360,4960
1,4960,4240
1,4240,2630
1,9640,8100
4,9350,4250
1,4250,4620
2,7200,9610
1,8960,7200
3,9360,4050
1,9640,8040
1,9720,4050
1,4720,9720
1,4640,2830
1,2830,4640
1,4640,8710
1,9620,6020
1,4600,8300
1,8300,4600
2,4600,9640
1,9620,4000
5,9620,4060
2,9130,7810
2,4220,4050
5,9130,7200
4,9600,6230
1,6230,7120
1,7120,6230
3,9360,7260
9,9620,6350
2,9150,4110
1,4110,9150
6,9600,4220
2,9620,8830
1,8830,5810
1,9620,5230
1,5230,4720
1,6230,5240
1,7750,6440
2,3920,3800
3,4250,9600
4,9600,4250
2,4230,9620
1,9130,4010
1,4010,9620
1,9130,7510
1,7510,5620
1,4810,9620
4,9600,9000
1,5620,3950
1,9520,4350
1,4350,6300
1,6300,6260
2,9140,4720
1,4130,4620
1,4620,3920
2,9610,4620
3,9120,9130
1,9600,5930
1,5930,9600
4,9600,7200
2,7200,9600
3,9620,6220
1,6220,8810
1,8810,7950
1,5410,4820
1,4820,4020
4,9130,5860
1,4420,9610
1,9310,4760
19,9600,9620
1,9620,2060
1,2060,3600
1,4110,7260
2,7260,9620
1,430,5240
1,9600,6530
2,9130,5820
1,5820,8760
1,8760,3600
1,3600,4650
1,9600,4040
1,4040,9600
1,9600,6760
1,6760,5610
2,5610,9600
3,9360,5240
1,9130,130
1,6220,4720
2,9130,2310
1,2310,7210
1,9720,3920
1,3850,3920
2,9640,7200
2,7200,7750
1,9620,8200
1,9620,2700
1,2700,5600
1,5600,9620
1,5600,7010
1,7010,2700
1,9300,4750
1,4750,430
3,9610,5400
1,5240,9610
1,2750,1040
1,1040,2750
1,1110,2750
1,2750,4400
1,4400,2750
8,9640,6260
1,9640,4000
1,4000,4600
3,4250,5240
1,4720,9360
1,8030,4020
2,4020,8650
2,8650,9620
5,9620,6510
1,6510,3920
1,9520,7210
1,7210,4110
1,8740,1400
2,9620,2750
2,9630,5610
2,4250,6330
1,6330,2630
1,6230,9510
1,4020,7920
1,7920,4050
2,4050,4220
1,9350,4740
1,4740,4710
1,9350,7800
1,7800,9350
2,9360,2720
2,2720,9360
1,7800,4720
3,9360,4710
2,6230,4230
1,9640,6000
1,7750,9600
2,9600,4010
1,4010,9600
1,9360,4610
1,9130,6020
1,8300,6520
1,6520,7750
2,5620,2720
1,9230,160
1,160,9230
1,9610,6500
1,6500,4220
2,7010,9620
1,9350,4700
1,3600,9350
2,9620,620
1,620,7700
1,9230,910
1,910,4110
1,9520,6940
2,9510,9130
1,9630,4600
1,6230,5120
1,5100,6520
1,4640,9620
1,710,5000
4,9600,8740
3,9620,3130
1,4940,8000
1,8000,5850
1,5850,4130
1,4130,6260
1,9120,4760
1,5620,730
2,9620,6040
1,6040,6260
1,9410,7200
1,9620,1540
1,9360,430
1,9130,9630
1,9630,4610
1,4610,9630
4,9620,4510
1,7810,4720
1,9130,7610
1,7610,4720
1,8220,8950
1,8950,7150
1,7150,6260
3,6260,9610
4,9640,6230
1,6230,9600
1,7810,8960
2,9620,9840
1,9840,5240
1,430,8740
4,9130,6050
1,6050,9130
2,9610,7810
1,9610,7620
1,7620,7750
1,9740,4210
1,4210,4760
1,4760,4210
1,9600,6040
1,8140,9620
1,8220,6230
1,4230,9630
1,9640,3650
1,9130,3630
1,3630,5620
1,5620,3630
3,9130,9990
1,9990,5000
3,9000,6200
1,9620,2630
1,2630,9620
1,910,4760
1,5310,8830
1,8830,2600
1,8830,5120
1,7420,6350
1,9350,6260
1,2630,310
2,9620,4800
5,9620,2340
1,2340,5620
1,9610,4550
1,4550,2630
1,4030,230
1,9620,6400
2,6400,9620
6,9620,6440
1,6440,7340
1,7340,8940
1,8940,9620
2,4250,9130
1,4940,5560
1,5560,9000
1,9000,4940
2,6230,4760
1,5620,1110
1,9620,4710
1,4710,6260
1,8540,6250
1,8960,8300
1,8300,8740
1,8740,4230
1,6260,6720
1,6720,6260
2,9620,700
1,700,4760
1,9410,4760
2,9130,4840
2,9000,5610
5,9620,4950
1,4950,9620
5,9130,4130
1,4130,4040
1,7750,9610
1,9620,8360
5,9600,7750
1,7750,5350
1,5350,4850
1,9520,9130
1,9130,9300
1,9350,4530
1,4530,5300
2,9620,7900
1,4020,8620
1,8620,5620
2,9620,7330
1,7330,4720
1,4720,7340
1,4050,4840
5,9620,5410
1,5410,6260
1,7810,8740
1,9730,5700
1,5240,8740
4,9130,6440
2,9610,2630
1,2630,6230
1,9640,3800
1,9610,4960
1,9620,4210
2,4210,9620
5,9620,4850
1,9000,4040
1,4020,4950
2,2750,4760
1,9600,6220
1,6220,8710
1,8710,6220
1,4760,5530
1,5530,5030
3,9620,5930
1,5930,9640
3,9600,4760
2,9720,6260
1,9610,3540
1,9630,2540
1,4600,5110
1,9360,8960
1,8960,5700
1,9650,7700
3,9130,4960
1,4960,9360
4,9640,4050
5,9360,9620
8,9600,5610
2,430,9610
1,9130,940
1,940,4700
1,5240,7810
1,7810,3920
4,8960,9620
1,5860,4230
1,4230,7320
1,7320,2340
1,4220,8800
2,8800,8740
1,8740,8320
2,8960,6520
2,6520,7310
1,7200,6240
1,7720,8650
1,9130,7310
1,7310,3800
1,9140,4150
1,9750,6230
1,6260,2310
1,2310,6420
1,6420,2310
1,2310,4620
2,9130,6520
1,6520,9130
2,6230,4850
1,4850,6260
2,6260,9720
1,9720,6230
3,7750,5620
1,9640,8140
1,8140,4600
1,9130,9720
2,9620,8720
1,8720,7700
2,9600,5000
2,5000,9600
1,6260,6050
4,6050,6260
1,7900,4700
1,4700,6840
7,9620,8810
1,8810,4940
1,5100,2750
1,2750,4110
1,800,4920
1,4940,4140
1,4140,4150
1,9130,7120
1,9620,2540
5,9620,8950
3,8950,9620
5,9130,9120
1,9610,4430
1,4430,4050
1,9620,4540
1,4540,9620
1,9640,2630
1,1000,1040
1,1000,2860
1,2860,160
1,160,5620
1,9610,9140
1,5400,940
1,940,4610
1,4610,940
1,9420,7800
1,7800,3920
2,9610,6510
1,9140,7220
1,9360,4500
7,9610,6050
2,6050,9610
5,9620,4040
1,4960,500
1,500,2010
1,2010,500
2,4030,9360
1,5240,5410
1,5410,5260
1,9610,7360
1,9620,4530
1,9130,3800
1,6420,1020
3,9620,3650
4,9130,6330
1,6330,6050
1,4250,9990
1,4950,6400
3,9130,4060
1,3600,4010
2,9140,5400
3,9600,5240
1,9600,2540
2,9350,4030
1,9610,7540
1,9640,8300
2,8300,4720
1,4060,5240
1,9130,8720
1,8720,8960
5,9620,7610
1,9640,3940
1,9610,2200
1,2200,5610
3,9620,7310
2,9610,3920
1,3920,4620
1,3730,2040
3,4250,4040
2,9130,7340
1,7340,6260
1,5610,8100
1,8100,7150
2,9130,5120
1,5120,9620
1,9620,6530
1,9630,4250
2,9140,4610
1,9600,2860
2,8320,4720
1,4720,8320
1,7750,5240
1,9620,5500
1,8720,9620
1,5610,5330
2,4720,8000
1,8000,4720
1,4250,940
4,9130,5000
1,5620,5310
1,9510,3740
1,9610,2440
1,5860,5560
1,4720,5560
1,5560,5540
1,9130,9500
1,9500,7840
1,9620,4900
1,5320,8500
1,8500,5240
1,9990,4610
1,9120,5700
1,4020,2340
1,2340,3950
1,5620,7160
1,9610,7300
1,7300,6260
2,9000,5240
1,7620,4250
1,7810,9130
1,9610,7310
1,7310,5340
1,9620,2920
3,4220,9600
1,9130,5250
1,5250,9130
1,9130,1960
1,1960,5810
1,4130,5260
1,5260,4940
1,4620,5120
1,9150,5700
1,5700,9510
3,9750,4720
1,9140,1430
2,9620,5350
1,5350,4110
1,5350,5860
1,9510,4600
1,4600,9510
1,5000,4220
1,9620,3730
2,9000,4760
2,9600,8310
6,9610,4050
1,4050,5410
1,9620,6360
1,6360,220
1,8030,4700
1,5410,5140
1,5140,5400
1,5620,8100
1,8100,3920
2,9600,9360
1,9610,2800
3,9140,5520
1,9650,4740
1,4740,4060
2,9720,9130
2,9720,9610
1,9610,2300
1,9610,4740
1,4740,20
1,4220,2300
1,7750,8220
2,9120,3600
2,9130,6200
1,9030,8720
1,8720,2200
1,2200,1010
1,5310,5560
1,5560,5310
1,5310,5620
3,9520,6260
1,5620,6710
1,6710,5610
1,9310,3400
1,3400,4400
1,4400,9620
1,8960,1300
1,9360,6260
1,6260,6510
1,9640,7420
1,7420,7260
1,7260,4220
3,9620,160
1,9630,850
1,850,5160
1,9600,9500
3,9360,6230
1,310,4700
1,9610,5520
1,5240,3920
2,3920,1040
1,8800,7850
2,9610,4030
1,9610,7120
1,7200,7420
2,9720,50
1,4010,5610
2,9620,4650
1,4650,3950
2,9620,7150
1,7150,7210
1,7210,9990
2,9990,5610
1,5610,9990
2,4220,6240
2,6240,9620
1,9640,210
1,210,7810
1,6600,6510
2,9610,4060
1,9150,8960
6,9640,8800
1,8800,5620
3,9610,6240
1,4230,9140
1,9140,5620
1,9130,2860
1,2860,2540
1,5400,4350
1,4250,5310
1,5310,6230
1,9350,4600
1,4600,9350
1,4050,8300
1,9350,5120
1,9000,7700
1,4020,5110
1,5110,5620
1,9350,50
1,9630,9610
1,6260,7720
1,9610,7420
1,9620,6330
1,9360,9410
1,9120,5620
1,5510,1960
1,1960,1560
2,9640,7720
4,9600,3920
1,9140,4760
1,9000,5700
1,9350,5510
1,9620,9300
1,4960,9130
1,2340,6130
1,6130,8260
1,8260,2750
1,5400,7420
1,4500,9620
3,9620,9150
1,9150,4500
1,9620,30
1,30,730
1,9630,2860
1,2860,5620
1,4430,8000
1,8000,6420
2,6420,9130
1,4720,6440
1,7700,5000
2,4050,9620
3,9620,8530
1,4720,6200
1,9620,3950
4,9620,7340
1,7340,6240
1,6240,5610
1,9360,6100
1,9130,5110
1,5110,4220
2,9140,3650
2,3650,9140
1,4610,160
1,160,5930
2,9600,9640
2,9640,9600
1,9260,2000
1,9600,4000
1,4000,9600
1,9600,4640
1,9600,4060
1,4060,7200
1,4430,2720
1,2720,3920
1,3920,6600
1,6600,3920
1,4220,7200
1,5850,140
1,140,7200
1,9350,2060
1,2060,3920
1,2000,4250
1,9140,7010
1,7010,5810
1,9130,3850
2,9610,7240
1,7240,4250
1,4740,9360
2,9360,9130
2,9130,9150
3,9150,9130
2,9620,5630
1,5630,8740
2,6050,6420
1,6420,8830
1,9130,2630
1,2630,9130
1,9730,4350
1,4530,4030
1,9610,5840
1,5840,4220
1,8140,6240
1,6240,8140
1,8140,9610
1,2000,4620
1,2000,5620
1,5400,9640
1,9640,4130
1,9620,5560
1,9130,10
1,9720,5840
1,5840,10
1,10,850
1,9000,8300
2,6050,9620
1,4800,4760
1,4760,3740
1,3740,4030
2,4030,3650
2,9130,8800
1,8800,7420
1,9610,4120
1,9130,1020
1,1020,9130
1,4020,9640
1,6260,9640
8,9640,3600
1,4220,6230
1,9620,6660
1,6660,6230
3,9620,4840
1,4840,4020
3,9630,8960
2,9620,6210
1,5300,5000
1,4150,4750
1,4750,5860
2,6440,6930
1,6930,6440
1,6930,6260
1,4960,9620
3,9630,4020
1,8300,6350
1,9640,5900
1,5900,6260
2,8310,6260
3,9130,7210
2,4250,7750
1,7750,8720
1,6260,7750
1,9640,6200
3,9600,6260
1,8810,6230
2,4900,3920
2,9350,9620
6,9620,9000
2,9130,4620
2,9620,5320
2,5320,4230
1,4230,7800
1,9640,7220
1,7220,6250
1,9600,7120
1,7120,7410
1,6260,4920
1,4920,6240
2,9640,6240
2,9620,7920
1,7920,4220
1,4030,5240
2,9620,7800
1,7800,6230
1,9600,430
1,9130,7620
1,7620,8140
1,8140,6350
3,6350,6260
1,6350,6440
2,6440,6600
1,5000,600
1,600,4610
1,9420,5410
3,9630,4760
1,2630,800
1,6230,4210
1,4250,7200
1,9030,520
1,9000,700
1,2900,6760
1,6760,4810
6,9130,4030
1,9360,6350
1,9620,8650
1,8960,6240
1,6240,8960
2,8960,6050
3,9610,6600
1,6600,4220
2,4750,7200
1,8960,160
1,160,6230
1,20,5000
1,5260,1300
1,1300,5260
1,5260,2720
1,2720,5260
2,9610,3600
1,6260,5240
2,4140,9130
1,9130,2300
1,2300,4760
1,4250,9840
1,9130,6130
1,4230,6230
2,4230,4140
1,9130,2100
1,9600,6740
1,6260,4430
1,6230,520
1,9520,6200
1,9000,5600
4,9620,5000
1,8960,6510
1,4950,4840
1,9350,9300
1,9300,4030
1,9610,7000
1,7000,9810
1,9620,6000
1,6000,6800
2,6420,8140
1,8140,6600
1,6600,6420
1,4230,6520
1,7950,7210
1,4040,4240
1,5240,7750
1,4110,230
2,230,2810
1,2810,230
1,9360,7220
1,4500,3800
1,6440,6350
1,4600,4140
1,9640,5600
1,4610,7010
1,9410,5240
1,9620,6930
1,6930,6760
1,9640,5630
1,5630,8950
1,8950,5620
1,5620,8040
2,5610,8740
1,4020,1060
2,9610,8810
1,6050,4430
1,4430,8030
1,8030,3520
1,3520,4250
1,5260,1040
1,4750,4700
1,4700,6360
1,6230,4940
1,4250,5860
1,5860,2060
1,2060,7010
1,9600,6350
1,5110,2340
1,9360,3600
1,2010,3600
1,9720,3940
1,3940,6720
1,6720,4250
1,4700,4940
1,9600,7730
1,9130,7730
1,9000,3600
2,3600,9130
1,5620,5840
1,9990,7330
1,6420,9600
1,9600,1550
1,1550,7700
2,9240,9200
1,9350,4040
1,9350,4620
1,4620,6260
1,6260,4620
1,9600,7540
1,9720,7200
3,9130,4700
2,9620,5120
1,800,4130
1,5620,7940
1,7940,5620
3,9130,3130
1,3130,3800
4,9610,9720
1,3920,7620
1,9640,6510
3,6510,9620
3,9610,7610
1,7610,3650
1,4760,7340
1,7340,4130
3,9610,9600
1,9600,6440
1,4110,530
1,7720,4220
1,9130,7430
1,9560,7420
1,4050,3920
1,9360,6600
1,6600,4430
1,6420,7420
1,6440,7810
3,9130,7020
1,8740,6420
1,6420,7750
1,7750,9360
2,9360,7750
1,7750,8030
2,9610,7340
1,5240,8220
1,7620,7010
1,7010,430
1,7810,4250
1,9640,7850
1,7310,6260
2,6260,7310
2,8800,3920
1,9720,6600
1,6600,5860
1,9640,2750
1,2750,3850
1,3850,6050
1,6050,3850
1,3850,4220
1,8800,6440
1,9130,4240
1,9640,6050
1,9520,4250
2,9600,6320
1,4760,7260
1,4220,8100
1,8100,7260
1,6350,5620
2,5620,6350
1,6350,7620
1,4050,3650
1,4130,7750
1,9130,7260
1,9640,2200
1,1610,1640
1,9110,3400
1,9610,4200
1,5240,8100
1,8140,6510
1,6510,7750
1,7750,6360
1,6360,6050
1,9350,3950
1,3950,4830
1,9130,8930
1,9740,6420
1,5240,9640
1,9640,4850
1,4850,340
1,340,730
2,9640,5350
1,5350,4050
1,8740,9600
1,4130,1540
1,7750,7900
1,6050,7340
1,7340,6050
1,6050,6320
1,6320,4610
1,4020,8060
1,8060,5620
1,7750,8500
1,8710,8140
3,9600,8140
3,9120,4720
1,9750,6200
1,6230,7200
1,9620,420
1,420,5700
1,7610,6400
1,6400,7610
3,9600,6050
2,6050,5510
1,5510,6050
1,4130,9130
3,9620,6130
1,6130,6230
1,8960,8650
1,9140,7020
1,7020,5610
1,5610,6520
1,9610,7130
1,7130,7310
1,8140,9990
1,4060,430
1,430,6520
1,9110,4110
1,4110,9110
1,4110,3940
1,3940,4010
1,6040,8960
1,8960,9150
1,7010,4250
2,4250,5850
1,5850,4760
1,6420,8960
1,9000,4020
1,4850,5860
1,9620,6460
1,6460,8140
1,5620,8540
1,9030,4760
1,4760,9420
1,9360,6050
1,6050,8960
2,9360,310
2,310,3400
1,3400,310
1,9630,8220
1,9510,8220
1,9620,8210
1,4850,9130
1,9510,5620
2,9600,9510
1,9510,3940
1,9130,6100
1,6100,8550
1,9000,7810
1,7810,8720
2,6330,9130
1,4020,4830
1,4830,5400
1,5400,4020
1,7340,7620
1,9000,6000
1,4950,2910
1,6600,4720
1,6600,8300
1,9140,9620
2,6050,4720
1,8960,7320
1,7320,8260
1,9360,9600
1,9610,7930
1,4840,9130
1,9350,4650
1,4650,4950
2,4950,9130
1,4220,8140
1,5600,5620
1,2600,2710
1,9140,6420
1,5100,10
1,10,310
1,310,10
1,9630,4110
1,6420,5610
1,3600,6420
1,9610,4750
1,7200,8260
1,9620,2020
1,2020,3940
1,4960,5000
2,9620,6250
1,9600,620
2,4250,8950
1,9000,4130
1,4130,4050
1,4050,6420
1,6420,9640
1,5610,6420
1,8960,4610
1,3800,6260
1,4600,4250
1,9640,8650
1,8650,4250
1,6050,7220
1,9120,4350
1,5300,3920
1,4010,3920
1,9000,9030
1,7750,8830
1,8830,7720
1,9610,1100
3,4610,7750
1,7750,4030
1,6420,3600
1,9130,530
1,6050,4110
1,4110,5610
1,4720,9120
3,4020,9130
1,3920,7810
1,6330,6510
1,6510,4110
1,7200,9130
1,4110,4740
2,9000,5510
2,5510,9000
1,9260,2340
1,2340,4250
1,6260,7800
1,9350,4510
1,6260,9510
1,9620,3850
1,3850,9130
1,9720,310
1,310,4720
1,3600,6260
1,7330,4250
1,6510,6130
1,9750,4600
1,4140,6220
1,7340,9640
1,9130,2710
1,2710,9130
1,7020,9620
2,4050,9610
2,4030,9130
1,9000,4900
1,4900,5610
1,3600,8740
1,8740,2540
1,2540,6260
1,9620,8000
1,8000,9130
1,8650,4020
1,4020,6710
1,50,9130
1,50,5240
1,9000,1430
1,9130,7540
1,7540,9620
1,4040,5620
3,9990,9610
2,6940,8140
1,9720,3630
1,3630,8850
1,8850,3630
1,4130,6350
1,6350,9620
1,9000,720
1,4220,5860
1,5860,710
1,710,2010
1,2010,9140
2,9130,9640
1,5350,6260
1,6260,5350
1,5350,5400
1,6260,5400
1,5400,7900
1,7900,9620
1,9410,8740
1,8740,9410
1,4140,4000
1,6260,4650
1,9600,8800
4,9630,9620
1,9620,9630
3,4220,8960
1,4140,4120
1,4120,9620
1,6600,7750
1,4950,9140
1,5400,5600
1,9620,8310
2,8310,9620
1,5800,2900
1,2900,5800
1,5240,9130
1,4610,3620
1,9630,8310
1,7810,8850
1,8850,9640
1,5350,9620
3,9610,9360
1,9360,2320
1,2320,6510
1,6510,9610
1,7200,9410
1,9410,4230
1,4230,7200
1,9630,130
1,9360,7150
1,7150,9620
1,3800,4720
1,9620,530
1,530,5240
1,9990,4020
1,4020,4620
1,5850,4720
1,6240,5240
1,4030,5310
1,5310,4010
1,4010,7200
1,4110,8320
1,4430,8830
1,8830,8320
1,4720,4920
1,8740,9130
1,6260,120
1,810,9620
1,9750,4020
1,9720,7750
1,9640,3740
1,3400,3740
1,5300,4620
2,9600,6330
1,6330,9600
1,9600,9990
1,8810,310
2,9130,9600
1,9130,710
1,710,9130
1,9640,4740
1,4740,5610
1,9620,9410
3,3920,9130
1,9000,8100
1,9600,8650
1,4740,9130
1,4220,5630
1,7340,9620
1,4050,5320
1,4230,8300
1,9130,6940
2,8140,6210
2,6210,8140
1,9620,10
1,10,4940
1,4020,9600
1,9360,3410
1,9410,7140
1,7140,5930
2,9120,9140
1,9140,9120
1,6230,4600
1,9620,1110
1,9140,5930
1,5930,5310
1,4140,8530
1,8530,8210
1,8210,4140
1,9350,9640
1,5620,9640
2,8810,7150
1,5620,6400
1,9630,9640
1,8740,9640
2,2720,9620
2,9620,9140
1,9140,8310
1,9510,6800
1,4950,5240
1,9350,8960
1,5620,4850
1,4850,9600
1,7750,5000
1,9620,7130
1,7130,1550
3,9600,9610
1,9610,7720
1,9640,940
1,4220,2900
1,9620,6730
1,6730,8720
1,8720,7620
1,1550,5800
1,5800,4720
2,9620,2910
1,9640,4430
2,4430,4020
1,4060,6520
1,9640,7210
1,7210,5620
1,4720,1540
1,1540,9600
1,8810,4020
1,9360,7720
1,9620,8240
1,8240,7310
1,7310,5620
1,5620,8240
1,8240,9610
1,9130,4820
1,4820,3920
1,310,710
1,4010,4940
1,4140,8910
1,8910,2630
1,2630,4020
1,4110,8150
1,9130,520
2,9130,2140
1,4030,2060
1,2060,2300
1,9610,4530
1,4530,4050
1,4220,9750
1,9600,2630
1,9720,5620
1,9300,5120
2,9120,4510
2,4510,9120
1,9130,2740
1,9720,4650
1,4650,2750
1,4020,8100
1,8100,6760
1,9130,5410
1,4840,7920
1,7920,4010
1,9720,9750
1,7610,5350
1,9610,310
1,6320,6230
2,9140,2200
1,2200,20
1,4220,9610
1,5230,4960
1,8950,6260
1,6260,3920
1,4350,6260
1,6510,7420
1,9130,2400
1,2400,4110
1,9000,9140
1,2200,2310
2,2310,9140
2,9140,2310
1,5410,6710
1,6710,4220
2,9150,9610
2,9130,4540
1,4540,9130
1,6230,4540
1,4040,2320
2,8810,9620
1,5000,7700
1,7700,2340
1,9620,9510
1,9510,7150
1,6320,7020
1,7020,6260
1,4130,4430
1,4140,2540
1,2540,4020
2,4020,2060
1,7620,4030
1,8800,9610
2,9600,7610
1,7610,8810
1,4030,9640
1,9120,310
1,9750,8950
1,9130,6730
1,6730,4700
1,9610,4640
1,4640,4050
1,4020,8230
1,8230,4150
1,3920,8140
1,9600,9720
1,9750,8460
1,8460,9640
1,8960,8410
1,8810,430
1,430,9600
1,9560,9620
2,9610,4230
1,8960,6420
1,5240,2900
1,2900,5860
1,5510,5160
1,9360,4220
1,9130,2320
1,2320,4600
1,2320,2060
2,6260,8140
1,4850,9610
1,4740,6350
1,9130,7130
1,5930,6350
1,7200,3800
1,3800,7200
1,7200,5620
1,6940,6800
1,6800,6840
1,6840,9650
1,9720,3950
1,9610,5030
1,5030,4230
1,6440,9520
1,9350,4150
1,5120,4030
1,5620,7810
1,9600,5560
1,5560,9600
1,8960,4700
2,9360,3920
1,3920,9600
1,8220,4400
1,4400,6260
1,9630,5620
1,9610,40
1,4750,4110
2,4250,4350
1,9610,4850
1,4850,9360
1,9360,530
1,530,9360
1,4050,9120
1,9360,7550
1,7550,8650
1,8650,8220
1,9610,8710
1,6230,2900
1,4620,5260
1,8220,9600
1,5100,7200
1,7200,5400
1,4020,7610
1,9640,9350
1,4020,7900
1,7900,9130
1,8960,8500
1,5610,8220
1,4130,9620
1,5240,2310
1,4030,5100
1,7340,5400
1,9620,7730
1,7730,4220
1,310,9610
1,9750,9720
1,9720,2600
1,2600,7420
1,9610,110
1,4020,8950
1,8950,9130
1,800,7720
1,7720,5610
1,4940,940
1,940,4720
2,9720,4250
1,4250,420
1,9360,3800
1,6320,9600
1,9000,9610
1,6230,4010
1,4010,7510
1,9610,7160
1,7160,9610
1,7150,4720
2,4720,9610
1,4110,7150
1,9350,1920
1,1920,2310
1,9640,5840
1,5840,9620
1,9630,4430
1,4430,9130
1,9130,6840
1,6840,5000
1,7610,7310
1,9350,20
1,20,4210
1,5240,8830
1,8830,3410
1,9130,9520
1,9520,6510
1,6510,8640
1,8640,9130
1,9620,5840
1,9000,7000
1,8300,6420
1,5310,4760
1,9030,4820
1,4820,410
1,6320,7200
1,9130,6710
2,7610,4220
1,5620,600
1,9630,3920
1,310,9130
1,9640,4810
1,4810,5260
1,5860,5100
1,5350,7810
1,4250,4010
1,4010,7310
1,7310,9620
1,9000,130
1,130,4710
1,4760,6700
1,9140,2750
1,4030,7610
1,8960,2340
1,4050,9130
1,9720,7920
1,7920,7750
1,5410,3920
1,9600,7020
1,7020,620
2,9720,9620
1,6420,6600
1,6260,8950
1,8950,9600
1,9600,8950
1,8950,8630
1,9140,6320
1,6320,8960
1,9640,8450
1,8450,4710
1,4710,8540
1,9000,8140
1,7000,7200
1,6520,3650
1,3650,9360
1,9620,9810
1,9600,9350
1,9720,6760
1,6760,4250
1,2340,9640
1,4510,9620
1,4510,9640
1,5620,8000
1,4710,5400
1,9360,4250
1,6330,4250
1,9720,3540
1,3540,9720
1,9640,9130
1,9520,4020
1,9620,8100
2,3920,9120
1,6130,9620
1,9640,6940
1,7260,8000
1,8000,4650
1,9600,910
1,910,9600
1,9620,9750
1,9600,7830
1,7830,4110
1,9230,9600
1,9610,1550
1,9350,5860
1,9600,4110
1,9130,3940
2,9630,7810
1,7810,2060
1,2060,9630
1,7810,2310
1,9150,4710
1,4710,8960
1,9350,5610
1,5610,6230
1,6230,9130
1,9130,9350
2,8800,9640
2,9130,20
1,20,6940
1,6940,20
1,20,9130
1,9600,4710
1,6350,4620
1,4620,6350
1,6350,6420
1,9640,5300
1,6260,8850
1,9750,4140
1,9610,6220
1,9130,4800
1,4800,5840
1,5840,6530
1,6530,9130
1,9360,9610
1,9610,1010
1,1010,6530
1,6530,4250
1,6230,7800
2,7800,4760
1,4220,7150
1,7150,4110
1,4720,6350
1,9720,4020
1,3600,4150
1,9350,4230
1,4140,4420
1,9750,4150
1,9630,6230
1,9120,4430
1,9330,9000
1,9130,4610
1,4030,4000
1,9360,5810
1,9130,6350
1,6350,7020
1,9600,4940
1,9510,7220
1,7220,4050
1,5160,9610
1,2720,7340
2,4040,4250
1,9000,7020
1,7020,9130
1,7020,4210
2,430,8960
2,8960,430
1,9720,7840
1,7840,4220
1,9640,7810
1,9300,9810
1,4020,4610
1,4610,4020
1,4760,9600
1,9620,7160
1,7160,4700
1,9310,6100
1,8960,9610
1,4250,2740
1,9120,4940
1,9630,7700
1,7700,9630
1,9720,5810
1,5810,4760
2,9640,9510
2,9510,9640
1,9750,5620
1,9560,6760
1,6760,6800
1,9130,8530
1,8530,8140
1,8140,6520
1,4220,8740
1,8740,8810
2,9620,5550
1,9150,9640
1,9600,800
1,800,8960
1,5810,8060
1,4720,9150
1,9130,8830
1,8830,9990
2,9130,5600
2,5600,9130
1,4110,9360
1,9140,4210
1,9620,7360
1,9000,8740
1,5300,9610
2,9600,4210
1,9640,4400
1,4400,7510
1,7510,4400
1,9600,7810
1,4650,4140
1,9420,4220
1,4220,3650
1,8800,3800
1,3800,4020
1,9360,7800
1,4720,7840
1,9640,5410
1,5410,9620
1,9620,7510
1,9360,9630
2,9130,2750
1,9650,8530
1,8530,6840
1,6260,2750
1,2750,10
1,9360,6720
1,6720,3800
1,3800,8740
1,6230,3600
1,5610,10
1,9300,6600
1,4220,7620
1,7620,8200
1,6350,4940
1,8300,9140
1,4140,8710
1,8710,4030
1,4030,6230
1,6230,9720
1,9650,6200
1,9720,7150
1,8740,4040
1,9360,5020
1,5020,5810
1,9610,6130
1,6130,8810
1,4020,9750
1,9750,9130
1,9640,8010
1,4250,8260
1,9610,8860
1,9130,6660
1,6660,6260
1,6260,4760
1,4030,9350
1,5310,6260
1,4130,2630
1,2630,4130
1,4130,3910
1,3910,5410
1,9640,2000
1,2000,5240
1,6600,6200
1,6200,9600
1,9600,7040
1,9610,4150
1,9600,4130
1,2750,4500
1,4220,9150
1,8140,9600
1,9600,5120
1,9640,9610
1,6240,9610
1,8000,8740
1,9610,5850
1,5850,4700
1,9720,7340
1,5860,2300
1,9620,7410
1,9150,9620
1,9630,4220
1,9350,4130
1,4130,4810
1,9130,220
1,220,6350
1,9130,9140
1,9140,5610
1,9560,4850
1,4140,3920
1,6600,8730
1,8730,6600
1,5410,7200
1,9350,4850
1,9620,8620
1,9610,2110
1,2110,7200
1,4210,4430
1,4430,6350
1,4750,9620
1,9640,8220
1,8220,9640
1,7750,4130
1,4130,9640
1,9630,6260
1,9620,8860
1,8860,4950
1,4950,50
1,50,20
1,6420,4820
1,5610,4020
1,7800,4700
1,7750,9640
1,5850,7120
1,4250,7810
1,7810,6240
1,9130,1930
1,9510,2550
1,2550,9300
1,6260,4700
1,4700,9360
1,9120,4110
1,4050,4540
1,4540,4050
1,4060,6050
1,6050,2060
1,9620,150
1,150,50
1,50,150
1,5120,4710
1,5700,2900
1,2900,4250
1,5860,5610
1,4050,2750
1,8030,9620
1,9350,9310
1,9310,50
1,9140,4700
1,4760,7410
1,7410,9620
1,7340,4430
1,4020,8810
1,9620,560
1,6260,5610
1,5610,7620
1,9630,9600
1,9260,9240
1,6320,7310
1,3130,9130
1,7010,9600
1,9600,4950
1,4030,8260
1,6240,5620
1,620,6050
1,4040,9620
1,4020,7830
1,9130,5100
1,5100,4840
